store_id,cluster
00033435-6a15-49e5-a1a1-cb5350c0cfc1,0
0012401c-75c8-4e5b-87ca-c51172b14637,2
001edcd2-e886-4e7d-b3bf-1f2244e0e790,1
0062a118-fadc-4e33-b3b1-08a42bb25e67,2
00a3403e-0779-4fe5-88f6-dee69ebf8101,2
00b6723d-5847-4811-85f2-9511be89b328,2
00f8f157-b944-4395-846e-719ab0f60fd8,1
01028f18-dbc3-4b37-bcfa-7eb7d964db72,2
014cc524-d9a8-4e54-8969-b4247e003670,0
01555a1c-5b93-4717-b3df-842c96d7b520,1
018598b6-9056-404f-9b14-11de251b9c78,1
018e2471-f1a1-4ac6-80b2-df6895385b98,2
01955bc0-09f9-4e54-9c8e-dea26e4f2bbe,1
019e4056-3096-4e6f-a823-3c28ca2e4a9d,2
01a79a79-f1e1-4708-b064-2499bef67a4a,2
020665b1-1535-4def-a9c6-87aeb4e660f6,2
0251eb94-97b2-4b5a-96ca-337af153e5e8,2
028bebe2-61a2-4a60-81a9-b8ef86987336,1
0292c5a9-fece-4428-8464-f3e9e83540cc,2
02a0659c-2fab-4ffb-8c16-1b9c31eaad7e,2
02a11085-b27d-4000-bdd6-5975d294b739,1
02b3a551-68b4-4ce2-afbc-a606293b90bb,0
02d8ff72-83b2-4c87-af29-57caf6d81b21,2
02e63b23-b67b-4b25-bb15-710c79b0b3aa,1
03011b77-96cd-4557-8d65-6d57fb6f2824,2
0308341c-a4d3-4384-a90a-148eeb5e2a01,1
0335aa2d-2241-4945-b6d3-bfa4007adb0b,1
034c227f-d80d-4b4a-afb8-55ba750b7f9e,2
036e6156-777a-46d8-9a7f-a358a35ba895,0
03f803bd-a2df-40fe-8b57-090b0d22de3e,0
042e36da-4033-43ae-abde-bdfc15e73b7a,1
046cb2bf-2c06-4b7f-920c-a266cd729d38,2
04839924-4da0-4309-96fe-caa34dfebff8,0
04847f9c-b46c-4d76-adfb-c6e3bcc4ae91,2
049d72ac-6f3a-4640-b6d1-033be6459933,2
04b38b0b-bde2-472f-94bb-6f6072f5975f,0
04b84ab4-85cb-4aba-9c51-d0ab51f69538,1
04ba8961-5300-40dc-a48c-5ec4f14f2d1e,1
04c579bf-3183-4131-a64a-f7cc21dfc3f3,0
04d1fe2d-48b1-47e3-960c-0f9999d9e7f8,1
04da0aa3-a671-4617-96bc-a63530589e76,0
04ea48ab-fffd-4272-aeb2-d94e844ac4f8,2
050555c3-eb32-49ac-aeb4-e5fe3db3745b,0
051a85ba-55d8-4154-a95e-7c7e72dfb62a,0
052bb8d0-29c9-4434-9c75-e2f2dbec58c0,1
05304adf-0963-4d18-a0d5-bc8333a53128,1
053886bc-6aa7-434d-bfea-1af7e1fc5b7f,0
05520aed-8b15-4a48-8b76-e3ce83c6d596,1
0559a70c-7b0b-4991-abe7-1464a055e540,2
055ba939-f2e6-4a23-9341-e9d255999ed7,1
059136c9-fb2c-4d39-ae7e-d1c1dc1683bf,1
05a93efe-e727-4507-9f74-6dfa72e527b0,1
05beec0f-5007-4d89-860b-2b90c1278841,1
05d27088-b8d7-4f8a-8b60-1c97309c52b3,1
05da9e56-0205-4f45-a745-4d1754f6e70f,0
05dfd254-74e1-4ea1-bb65-8a160f4b0407,1
06135c0f-f34f-4b36-b52b-69eb3873cc6c,2
061e626f-38af-4e75-bfed-b269864a3125,1
061f54e6-e6fb-4114-9c1f-ee9caf9a975c,1
062e4c12-a2bd-4489-a21b-5c2ebc2f1ad0,2
06353979-9713-4550-9331-c9b01efe0a9c,1
063b44fb-647b-426d-9e2a-c7902bb7e908,1
06c86a69-a96a-4dec-b2f7-b65cd614e13d,1
06ee8d75-61db-4e2c-9936-b1c8cfde8da7,1
07010103-4999-4a00-bc30-af05f01b1f7b,2
07439f5e-4837-4195-b85a-e76771084fbc,1
0743bd70-3949-45c1-a72f-05d5d1b0b3d9,1
07498e3f-3e4c-4db9-83dc-0f8dd9e8d70a,1
07694332-3237-4020-a9bf-b4983053b3cb,0
076e1de4-be35-4f3b-8fd5-9ef433f8509d,2
077c331d-7c00-466d-bd12-d541f748720d,2
079cea8c-ef2c-43d9-af4f-a05a6a4a1ead,1
079dd915-4726-4c3a-a19a-22eae2e147c2,0
07eefa3a-3876-4f33-adcb-bd0c97a0612d,1
08087993-2ad8-4d73-b152-33e17af46b02,0
08219dc4-4be1-4dfb-92e1-f9b555885136,0
08304cdc-67c0-4307-ac47-86d53c2fd078,0
0884de3d-60d7-4cb9-bd05-33462dd9b4f5,1
08956e9d-d080-4419-aa6a-aa69e73f4bd3,2
08a91b4d-97a8-4786-9aaf-5b015061bd68,2
08cb2b03-1924-4cc7-8bc4-f4cf0794a458,2
08daada5-0416-4c81-9e27-02752f50e9bf,0
08f06e2e-fe40-47af-a992-021874996b20,0
08f965ac-280c-43fa-bdc7-3a59aed83e7a,1
091441d2-0a40-4f3d-b5c5-0e78c1fd023a,0
0925e30d-bf91-4663-83c0-06da9848d623,0
092fa4bc-537c-4602-a0ab-c1ce46b46204,1
094ac3da-8e81-468d-a570-c6211b34e2bc,2
094bd8b5-e8ff-4b1b-adea-21cf27a57dcf,2
0951eafa-6b3b-4d57-8219-403098b1ef11,2
09a7d25b-fa07-4d70-bae1-1774ae7efe27,2
09afa05d-fed3-4a8a-84ce-807706917b87,1
09c69f77-3df0-4d95-9460-fc10585daf30,2
09d6d8fb-5836-4795-b2fa-cb5cb77b9e62,0
09e63a5f-e5f4-447d-9a1f-88e2a3c08d75,1
09f165ac-5800-48e5-b864-1b5d10b0ba46,1
0a1092c0-f860-4c60-a863-573cc00086ec,1
0a1cc94a-3e26-4a7d-9768-2172b07b7761,1
0a300aa3-44b5-4685-9c67-8362b15e038f,1
0a405c52-0beb-454d-991f-cc7c68470694,1
0a6ea551-bbc7-4c0d-a84d-0aef8a1a6a07,1
0a7c767a-7793-4dbf-9549-d3680ed99089,0
0abdb667-9e20-4973-b130-58cd10db41de,0
0adfbaaa-a52e-4e49-8e99-356c4e5ca6e4,1
0ae0215e-fa7d-4d7b-baf1-9e7f341fa220,2
0b166b5a-6705-4483-9606-47d1150bc439,2
0b3de7e8-9c16-45fc-ae1d-ec75c46ffcd5,2
0b700241-1137-45fb-a37c-7302ec00194d,0
0b7acc43-41d7-4169-b0d2-9ae14eead694,0
0b92aff5-2336-4aa3-9286-441f99092f41,1
0b932916-9c89-4ff6-a0e4-62c1a83bc6d2,0
0b948f8e-e34a-4226-914b-db2118169c95,2
0bc04be2-b31a-4b7f-a5b8-28aac41f88b7,1
0bd95ae1-24d9-4fa2-b7ac-ff9adec33948,1
0be1af07-2d50-459e-9c51-897a9d0fe862,0
0bf69270-460d-464b-bac9-e9e7dcfbeb94,1
0bfd17da-1dc6-41b8-aeeb-3924f1a04608,1
0c090c13-2334-4f88-ad58-3a70349ee652,2
0c113cd6-6da6-47af-978c-1c28efcf8d5d,0
0c1e3304-f021-4e34-8aad-32539ba9a9d1,1
0c3ce6a8-f78b-40f9-9c1c-d8077308923a,1
0c44173c-23c7-4a71-b1f5-cdbf92187baa,1
0c7090f7-06a2-4106-b641-f8e7478d6156,1
0c960b1c-27b9-4e8e-abfc-d01ac3d78376,1
0cff9e0e-773e-4dc9-9f0e-bea87da93947,0
0d0b449e-e5d4-49f8-b69f-b47c203a76ab,1
0d4bf26b-c6f4-4397-9780-950497e6bc8f,1
0d85adea-2985-4125-8f6d-e0865a931a42,1
0db60743-eb5e-454f-9d99-15781b5fd6c4,1
0e15d45b-13e7-49b7-81a0-0e1394a22747,0
0e2c79dd-014a-4b5c-9b2c-67add1d4dceb,2
0e4c44ec-7220-4546-b16b-74b50e508e2a,1
0e9aa424-582f-4e38-a0f4-1ce18f9a9026,1
0ec22e43-f90e-4a03-9457-a9caffa11ce2,1
0ed48e4c-bb24-4c00-82a7-b73bc03c92aa,2
0ed4c375-a536-4c88-8eb1-1cbf3f66dda0,0
0f176dcf-4986-480a-9695-4b88b24ca4ec,1
0f18dd0b-f60f-4f5e-8967-2dbcc89a6928,0
0f42df5c-f4ff-416e-ba51-f989bf6b45b4,0
0f674600-15ae-4b13-8a17-6563e218760e,1
0f8f50ca-6db2-4977-9eca-7e3fc16a1a92,0
0f972d59-19db-4924-97ea-b32be84d2b95,2
0f98956e-b500-4327-b0b7-aa9ce58d9f28,1
0fa755f8-6c59-43ab-a6ee-2ca165617b43,2
0fa86bb6-8833-46c8-b121-9684b3ef285d,1
0fb7e6c3-4f6a-4896-a0b2-59d39838a637,0
0fcd14ea-6de9-45b2-874a-72be9782973b,2
0fd046b1-526a-4038-a8f0-555188b9c8db,2
0ff4a434-44de-47da-8213-ab298ff5658c,1
0ff72bb7-3042-4a62-b651-8bafc9ffb4c1,0
100c924a-8c0a-4da2-b216-8554f4fbc4a3,1
10765e8c-7d31-4345-a44a-d91c6a83067f,2
107f859f-586f-46ba-9068-6cd8ea8dc841,1
1080831a-036e-4a8b-a5c8-c5b7bda8edbd,1
109fda8d-64e1-4027-bfc7-319728e1ef68,1
10f4847b-034a-45ef-9c70-cf333e80b737,0
112bab3e-c780-40da-b799-8d3485222d23,2
119f6b32-d072-46d8-8527-9515f509b907,1
11a31467-2053-4858-b2f4-72c2bc76ce71,1
11ad4a0c-9e6a-487d-b3b2-2a37096fde58,2
11afebde-8fc7-4fdb-ad05-7af5bbd8f715,1
11b23840-ceac-4471-85c3-e632f2ec58b1,0
11cb91ef-fd12-4268-9921-7da6e49ceef4,1
11f59e01-8461-469b-98f3-18ba3c869686,0
12266552-6df9-4b47-987b-d8455b28c59d,0
123f6361-a4ab-4cd6-8b07-67c78f68a2a5,1
123fb5c3-0459-4dec-b7be-c70a9a5fc2d8,0
124589cf-4331-4d96-ae78-31ba64014e72,1
125226e0-2027-43d7-a0df-ab5ddf7cb886,1
1279ab8d-cc3f-45f4-ac4d-76af1ba79bdd,1
12b1abde-5bf7-4652-b762-a09b5c35c359,1
1353c9d8-5361-4c21-b9dd-259d8d13d677,0
1353da69-bd92-41d0-9168-0ddfe2482f12,0
13601ea7-ab23-4ca0-a2e1-2dd2e3777b59,0
1379fb05-8514-45e2-b0db-657c78bbfe5e,2
1385e2b8-f8c4-453d-94d9-69a607fa5f5f,2
13a9840a-46a2-47e2-a786-b8b791c3fad7,0
13b10744-8719-4a3a-82e7-91b71edc1219,2
13d71910-a52a-4f1b-82a1-7884172e64e2,2
13d7454f-416b-4e9e-a203-2c6018a7fea8,0
13e0e7cd-f9ed-4e1b-80db-b15cc12005ed,0
13e5e011-f690-4efb-ac7b-d8c8eb062dd8,0
1418ffbd-0b91-4ed6-9357-93d93be2a9fc,1
141e1e1d-c134-4b43-9c6a-22f82655a7d8,1
14310585-8ea8-4271-aea1-594692f6040d,1
144616a7-24c8-4ead-b861-2833861e32de,1
1456ba02-5515-416a-8951-aac87269190d,1
1456e151-3842-491a-86a5-773059a2a764,2
145aae2e-ebc3-43f6-a11a-4024f78a31be,1
1473298f-f011-4168-8b7c-7d8be45c1b04,1
1474a378-4351-4c8d-9d1a-a16d20a5b867,2
1485ed37-3219-4ab4-bd40-7790b8891cd5,0
148bfa14-0e2b-47f7-b415-5cc2f6885942,0
1492217a-d1c5-4e0f-8183-243bfa502b0e,0
14ff4368-f09b-4afd-85fd-c0918fceda72,1
1557e6fd-6024-4e89-bf43-fd2cc7e31055,1
15721cb8-01ea-4b4d-a188-5528c386a654,1
1578a093-3f59-4912-a6f8-bb4212a77123,1
15d808c0-009f-4a44-99d5-842c89d6e49f,2
160a52ff-ffa9-4dbd-8718-cfdb0f70ae2e,2
161541e6-b4bb-4261-b7bc-d3bed2780583,0
1648d18b-13cb-4de0-b7be-45aa260d76f4,1
1664b4ce-5a86-4b41-befb-38488730ab41,0
16bc0dff-3348-4a71-a3a9-4ede4d33f072,2
16cc7876-e186-4dda-bd12-f7198333bab4,0
16d3c899-9a4d-43e3-aec0-c9de568f6135,1
16dcf393-e3f9-4b34-a319-52aa44dac989,1
16e91a6e-76db-4c3b-aa70-f4775c2f52cb,0
16fbe82b-69d4-42d0-8097-6b7f6da56ba5,0
1702b2bf-318f-44d5-bb6e-4fe272cb648a,2
17076a34-8688-415c-90a8-d8c97017f2c0,1
1732a5f2-a31b-4ff9-abfc-5ccf1589e4aa,1
175bef55-7ccf-4aeb-83f4-f6b8906e2e19,0
176387a2-1af6-4284-b2e1-52273e1c4048,2
1765ee26-5d2a-48f3-aacc-851628894c3f,0
176fa901-ada7-4a75-a343-b4e83ccd31d2,2
17c13c98-7a7f-450f-8f2a-c40702d9f6a8,2
1818e098-ca3e-42e9-a229-2745af95a5d4,1
183b3421-8426-40d2-bb9b-be2fb13b6691,2
18595036-c076-4cbb-a67a-94265cd3455f,1
186fb967-fd41-4279-881f-56b38caef805,0
188ffc2d-8ec8-4c07-bc0f-47e6fffbb554,1
189b2355-d7b2-4a6f-a876-042f913c3b1b,2
18acbe7b-4414-4636-b76c-8fdaf359feec,0
18be90a7-bfe9-4e1d-ba1d-64ad9e588a28,1
18c0f979-bbc2-4c13-9a43-6cb83e8a7993,1
18d9473e-0eb4-4673-9e9c-099f879be786,0
18e3c436-7fad-46d6-84d7-aa167309c92b,1
19079485-f784-4bef-9e12-4752791e60b5,1
190bb421-ab04-4035-9bc0-c0ce7ec041cc,0
192d2d7b-608a-490d-8caa-252dafec14b7,1
196ac254-3cdf-4f3b-96ed-d7d1d6bf8223,1
197d426d-c55a-44c7-a9cf-97136c0cc0b4,2
19d72fae-789b-4122-99f4-706ab7fe1db2,2
19f0917b-41f3-4aae-bde6-a8d5647dd743,0
19ffaa09-474d-4e49-b281-f97e2f6edd86,2
1a3e1ba3-7ab6-454b-af78-03bc3749c7db,0
1a53f600-b716-4734-8993-ee9a5ede5ce2,0
1a6f0de5-e693-4777-892d-dfd28401b304,1
1a83e55e-29aa-4dce-be42-7465a06c8203,0
1abc735c-560d-48b8-8a69-37b73ca31ae1,0
1ac36b4c-7b4c-41f3-8d39-ba2c67b6715c,1
1aff5f03-e90a-46bc-903a-27c61c1029ec,0
1b04bcc0-e638-4726-8a82-f8afd431e827,1
1b1389d1-566f-47ca-87c5-9ff8f2dd7e74,1
1b2514fd-1d35-41ea-8c66-87db6fd7f168,1
1b41215d-250a-4510-985b-b584f9caa686,1
1b5261c4-ffe4-43b5-b073-da0a958ac33c,1
1b74fc15-c33a-43d8-a763-f831850187cf,2
1bc4c7cc-811d-4358-bfe1-8ab81d786dcf,0
1bd3c319-1cc7-439e-8f9e-5c5d704b9083,1
1bd5c4bf-96a4-404d-8c5b-c1ccfa161b8b,1
1bd69cfa-2b2f-4bbf-b570-aecfc6da7f45,1
1bebf6a7-e760-4d72-954b-4c1c28d57244,1
1bf668ee-5322-41f7-bd88-df15676c5783,0
1c0f7300-1d3c-46db-a229-915282878aa3,2
1c187348-d773-4326-a789-db25bb5e398f,1
1c1d9af3-ca46-42ec-9ca2-8407cca4df45,1
1c3316c2-8dd0-4c36-b95f-772e676f7f80,1
1c3c290f-bd9c-4ef4-a0f6-bb597646ca8e,0
1c3f7db1-b589-4026-b956-225506262d8c,1
1c44df7c-45ed-4e97-91bd-2e7cf413c32c,0
1c5b4b35-c5f5-4a76-acf4-cc190cbf2904,2
1c611845-1ceb-45ce-b82e-70697485793e,0
1c8686c3-187f-479b-a22a-448a2d26ced1,0
1c877030-e92a-462f-9700-c11e50eb0129,0
1c8cb36b-9520-42ae-a4d5-21527e6d5307,0
1cad8da2-b556-4ff3-9cc3-c62258368384,1
1cdfceb8-e3f7-4392-8c61-1d0ddbb3af90,0
1ce31da5-6fbd-4530-8d4a-a703bf68f2ce,0
1ce9dbd8-6b4d-4f9b-bd95-464fe5e40a34,2
1cf0863c-4cee-4c32-8e8c-7da3df3e5b96,2
1d13b0bd-62a4-468f-8ede-7211e954337f,2
1d32ff27-efc2-4295-80f6-ef690440c5d1,0
1d426a78-b9fd-4635-a2e4-f44a4c8acfdf,1
1d43596b-a05b-414b-bde0-d51656651386,1
1d4d50ee-3b8a-4629-8f34-9758abd0f9ca,1
1d5159e2-211d-4b04-aa11-57b0f4e15890,0
1d66496a-1751-4db9-a6b5-8dce4e1162c6,0
1d6939cf-b622-4230-88f5-7470e4ace217,2
1d948c48-5ad8-4662-a697-c4e0ee8cd212,1
1da9bfc5-b73e-44b3-91a9-b2b6f52f4097,1
1db24698-9fae-43af-88c2-4244bd248077,0
1dc14379-d2b1-4781-ac4b-440b39992538,0
1dd6a08d-c517-44db-80e6-6c150bd721e0,0
1de29a79-5720-49b7-9b24-f59bbf4a2eee,2
1de7f353-f670-4421-aafe-ffee3a673c9a,2
1df1caf5-01af-43df-9e95-447c1d9184d5,2
1df57dda-fb55-4840-b645-698e1e9346f0,2
1e345ce6-c801-402e-a853-90a8506fef9b,1
1e588b11-59f6-41c5-ae5b-2e8ab5aff469,2
1e6fdf29-5a4e-4fb0-9661-4280ac8f96ca,2
1e7ada77-ffd6-4c9e-b4c7-f7e6d3698198,2
1e87b10f-f78f-4f51-9e78-717baf06dbf4,0
1e95f58b-248d-4be9-a23c-fc6fca487174,1
1e9d9d91-dd81-4d93-a694-8b1c37a29d44,2
1eb91379-7f0a-48c8-9b57-7a28b5b4f18f,0
1ec9a3d4-2911-47b7-a1c9-e3c0607c7978,2
1edd1e35-c04a-4991-be6c-77ac175654d4,2
1ef2cf93-760a-4130-9d86-a9bc5c54b358,1
1f06956a-9034-4acb-a6d5-bf8d5309c6a3,1
1f228e1d-367f-4e5f-81bd-b7af1b8b8b32,1
1f27f51b-d895-4b47-93c7-f6bdcdda2194,0
1f686d50-68be-48f6-ba96-410295494d99,2
1f78ec42-a65b-42a8-9d73-cfc3b0b0e1da,1
1f7ccc38-3993-41fa-a3d0-5c370353a74e,1
1fe560ed-9e9f-464d-b683-c53e678a02d4,1
1fe95d1d-bee1-479d-8952-a45576f9f581,1
1fedafd8-ed28-411e-af3e-42f90b2860c9,1
1ffc9ca9-707b-4b27-aea6-018f9bd1fbaf,1
20392337-9919-4446-b358-22baddfb03fa,1
204ea88a-8115-48b4-bdfa-632dc86d7da6,2
2059ac00-762a-4e76-a133-3b36faee4e30,2
2084076d-2b37-463f-90cc-73a606ad319c,1
209bb4ab-ff7b-40b0-9ea1-cbe6bd7758ad,1
20d38f0d-59db-444c-acba-ec6c57087ece,0
2156a607-ea45-46a8-a3ea-091c8baff9ef,1
2168c21b-b768-4661-b36d-e10ce22eceed,1
218efd70-0b3b-4816-8fb8-cbef6f4db0c3,0
21aab96b-2d45-4842-be89-1fbab2965a83,1
21edcf3b-d64c-4190-b8fe-102ad19a68c0,2
22001ccf-7a61-4743-a4a5-000e2811aca0,1
2211d661-8d03-4bbc-9d92-4b1c024dc376,2
2230a778-8ae9-4bf2-916a-786a84ba46ca,2
2261c589-178d-435d-8d24-1bf901788514,1
2271f1f0-ff79-4eb8-9458-cb0ef9fea993,0
22a1ccb3-1c6a-4cf7-8b4f-d661d7241bc2,0
22a5bd19-7890-417f-b4cf-acd55f47ef44,2
22f8d546-e68d-459e-a377-fff81bc95f30,1
230c9049-5342-4309-b3c0-a351b39d5923,1
23197c8a-900d-472e-b4a8-74f09b150d1c,1
232f409d-c3da-4472-bded-0dc385b62ccf,1
2336c505-381c-4443-9012-88d159a6d445,0
233b2163-0430-4f67-8af9-d957a7e63a78,2
234624c1-a0dd-4218-bd43-209bd457675d,2
236628ea-6141-4a2f-9920-5978057be565,0
23c6c260-5afd-43f5-8fb5-fa8eccd7650b,2
243590b6-c627-4a29-92e8-6add2d52179d,2
244ea062-b4a8-4b4c-baea-e0dc1bb26593,1
24533ae7-5dc4-4da9-9bbc-043399c87bd0,1
24672945-f19c-4abd-93a1-63eda1c8da8a,2
247ff915-34d4-4928-9a7a-e04a413baee8,2
248b241c-c7e3-4365-9c71-c8c819b02a14,0
251f7895-9fff-480e-8c27-10d36f2e7701,1
252535bd-c689-4aba-8695-11955ac0953a,0
2528aa41-c232-4138-ad50-7f84e61462c6,0
2539d3ca-c7cf-48fd-bdee-1cccbe96c564,2
2573f44d-1f5b-45bb-a8b0-458aa6a23fb3,2
258d4c1e-d0c7-4434-9351-862287b4a1c7,1
25963f60-2708-49ea-b3d9-43460ddb86b6,1
25ae9a11-723a-4efe-b440-4b821c786e2d,0
25d7ee4d-cbda-4f81-a28a-7166c77a068e,1
25dc80f3-5052-4bb0-9bdd-6359c8811e4e,1
25e139ef-91d0-4292-97ae-9d82868c0d14,1
25e995ce-1181-4a1c-8373-59903e3e7257,1
25ef44ba-2f55-42fc-b30d-0e7f31426dea,1
262bc105-f28d-4b1b-a06a-41c79ff901ef,1
263f0bd7-51c3-42f3-a112-bf86620f7896,2
2646813f-db48-4643-97f8-6cc03c87b8d4,1
2651b49d-e45b-42f8-a471-dbc0d1af8667,1
2667581e-efca-47f4-a5f2-f269ff0e5f25,2
2691a85c-76a3-4446-9653-d0fe5703e711,2
26a52419-3b70-4c6b-afcc-d0f7cef2bd6a,1
26bbeda6-7e88-4049-85a3-993a44d60a9e,1
26c92cc6-f64d-4f94-8e86-387777e3c800,1
26d2deda-edc2-46b8-b107-a3a863a89dd5,1
26dd5125-a17c-4587-bfce-931c43d95034,1
26e738fd-e821-4778-ad47-d045548c8064,1
26ee9e8d-8867-4c06-a9ec-e0b70b681137,1
26fc47c9-2111-4f6c-a97f-13f64142fbf2,0
270b8c52-8246-4133-b610-4ca56a5248f2,0
272335f0-1f7f-4529-ba03-c046d6d50c20,0
2725bb70-04b4-4327-b618-861a348dc1b4,2
273d9d52-aae9-4071-be3c-8b7f6e43c97f,1
274b79f6-d1d5-430e-9f57-17c336b73f81,2
2768fe00-52d6-4f46-85d9-b09db1380325,1
278827e0-ca48-4212-9067-c5dbb9e7c655,0
27b80ddf-ed5c-4fa3-a91e-255fe1bac222,1
27db8115-ca43-45dd-b615-b6f7df0c987b,1
27de52a8-d4cd-4f90-a142-d0d814fc0d53,1
27e39ced-93c8-4f14-99a0-e15e2f621a13,0
27faf574-ffaf-4d6a-93fa-5236475f58bb,2
285fbbd2-014f-4816-a876-48cde24d9e68,2
287e67e6-4c2b-4cd0-93d3-bc538283dc43,2
288f04ef-4cac-4175-baa8-dbad1a892635,0
28be1741-718e-4436-82b3-7a603b9cf994,0
28cc3a67-850a-4468-9b8d-5c9a567af28a,0
28e21458-508c-49d4-ad20-99390c2ef8a5,2
291d1b57-26c3-4209-8491-71ed5a9dfb4b,0
295e2f0f-6033-49fc-902f-8db11de160e9,1
29740d19-f39f-4d54-92ae-8b0e7fc7cb8c,1
297a3383-351b-40b4-a0c4-94bebbb1cd13,1
29955fd2-b643-4b3c-9633-fe670a601373,0
29a33fed-7b4a-4f02-8aa1-43fb93750eac,0
29b02d9a-1d94-4668-a580-8990bb91d72c,1
29b41dc4-f274-4de1-b484-cc1bb04200d3,1
29b68d06-5aac-4f5a-9ed5-fd100ca1c438,1
29b72492-7a18-44a8-9d5c-5947778f2317,0
29d31be1-9233-46d7-a3cf-18cb91fe5372,2
29e3a86e-9204-4d78-926c-1160974daa87,0
29feb1d2-5186-408a-9f70-066d6d195880,0
2a02a362-ec47-48e9-9e49-c5df80864b38,2
2a078d1c-1590-4623-b84f-1c6e063bc2b3,2
2a084e5c-57d8-49dc-8f9a-a82353564294,2
2a0e9059-8bc2-4d96-b956-865611b22c7e,2
2a10fd28-2621-4125-b875-9408940711a8,2
2a13e3be-dd05-4141-b407-1588f9186bd4,2
2a3875f1-1b8d-4eac-ab98-e15a96259838,0
2a3933eb-30ab-478a-81c8-42a54b7e582e,1
2a703a34-3477-4d54-89cf-81682336e0e6,1
2a87fe0d-d0af-45e3-a7ca-cf07129087b3,1
2a902186-fded-4147-81d0-bb6fbf1837af,0
2aa7be77-0c42-4916-b9e2-a4630a84cad5,0
2b22bb32-a877-4369-8d11-722aba2a68eb,2
2b70d4c1-9492-470d-9bea-370cfd8397c7,0
2b99ea16-3d19-4ef6-994d-8a9410e52d65,0
2bcafcd3-369f-4dec-9981-581037e38f73,1
2be35420-3a08-472a-aae6-213b93d62d68,1
2c132126-803b-4fd1-925c-0cc931df38ff,2
2c3ad46a-984c-4d7b-bb90-456e6bb747db,2
2c52c3ae-70a7-4a44-be50-b86c7e2cdd1d,1
2c69fbd4-753f-477f-bb2c-887bec7765ab,2
2cc2456c-60d1-42a4-8f85-85960dd2ab56,1
2d08e528-181f-4de5-a7a0-65de6b15975c,1
2d253f9a-d2fd-4198-a340-a8d111df0ca7,1
2d4eb9fb-0bfe-4323-a972-23c45ad135e3,1
2d54d755-c0fe-4614-a6ec-68b4ef44e943,0
2d9c6ae7-0dcd-4313-b4f8-892191b86585,2
2db8670a-41c9-4dee-95ad-9c26271ebcf5,0
2db87282-5fe5-4e57-8b25-49e0d9b2be92,1
2dc7e49c-d738-4d2a-beea-ee0f52a39b58,1
2ddc4fcc-0b7d-4fe8-b88a-d8c39044b275,0
2de4fa5a-db82-41aa-869f-e33a65ad4dc6,0
2e06d449-0c3c-4352-88b4-9bb6ca9fc98a,0
2e11ce59-a57c-4486-ad98-24679c296589,1
2e20e44c-b8c6-4096-8a02-6839e0f328c3,2
2e670d61-4ebe-4e7f-a603-80d9bc965a02,1
2e7c1288-bd99-4090-865d-9ebc34b928ac,1
2ebb4cbf-4473-4442-9108-9ab51aa2be65,1
2f0fb49e-9fc8-42db-8cd0-9d985b1322a3,2
2f2c8e90-53f6-4613-a41c-399651020e39,1
2f325288-6e67-4405-8916-8fabd775609e,0
2faa4e79-7dde-4f14-af50-f4917a7fe8eb,2
2fc9458b-a85e-4df4-87bf-bbc3f8a28530,0
2fe336b8-f3b7-4098-92ce-ce240e338dc0,1
2ffff40c-f604-4721-bb5f-a7913701bd95,0
30000394-681b-4433-9e41-23ea0fb85e5c,1
3026a2ce-0bf7-4cb9-9a3b-21d0a0782107,0
30306224-7b9d-4d0b-9964-27c60711e8ec,1
30377878-760e-44f3-a8b4-ebed366f1282,1
3039ca74-65a4-4c0f-9af3-091950c05a0b,1
3043bda7-efe9-4ed3-80e8-da3efb39b5f7,1
30626310-18cb-4d87-8540-4ceaf40fa31a,1
30774a69-6bca-46a3-85df-336e99f68670,2
309eb06a-936f-4b29-ac3a-ab168f21aaf6,1
30a47564-9001-4291-881a-3960d17474df,1
30afcfc0-84ad-4089-913e-05cade2094e3,1
30c78551-5267-45ac-8720-9c7c8094ffcd,1
30df41d2-722c-4409-bad2-08803a1a7dc3,1
30fc5c36-6e4d-4269-a971-61ccf8d450c8,0
311b694d-6d40-40b3-915b-e039f5c5835e,1
3121b656-3ca2-479c-9d7c-9795f4680111,1
3136e8aa-1348-41b1-a157-aa7340998456,1
313c4074-55ad-4121-b1c6-a8b720460fb4,1
3142b3ae-6c18-4742-8c0e-aae70527acd1,1
314b30ad-909d-4c6e-b3d3-b14f872bf264,1
31554367-5020-477b-8b99-c9fb9d669b57,1
315f686b-ce01-4284-8541-d4345a1a0061,1
316bb229-344a-4648-99f3-8150502c2333,1
316e5b69-5a97-4b83-af43-ea08fa718e81,0
322353da-6116-4f03-93d3-17a6cfc5c756,1
328e2d1c-6d2e-47fc-8ec2-1dcc4cfb8dee,1
32a322e8-c329-4576-bc3f-2b0d18c98cc8,1
32d8b02b-408e-4c0b-8f22-7f456bbac58b,0
331d01dd-f10b-49a5-94b3-37c701b731f7,2
335f8655-c176-469c-8678-bc406539a391,1
339b8974-4ceb-45af-96a2-8c91c1bad0db,1
339f8166-c5ba-4a66-8a7c-6ea4d3639854,1
33e2dc23-557e-417b-8936-b6c016a72b7b,0
33f1ac76-57b5-4b7b-9113-0d41fdf4a00e,1
33f9987c-df7c-4916-aa82-3326517b6de2,0
341fe8d8-e7e9-4ad7-8a2f-627fdb9a6a18,1
3456da23-5851-41c9-ba00-5ac9fe9611c1,0
346f2b4c-d655-47bd-8935-735006025397,1
3475f75c-40d7-4648-8ea2-0c90b79c63d3,1
34774b53-ae89-466b-89c1-706033cbbbec,0
347bbf63-917c-4d52-8b06-5bf2f616bcf1,1
347d90e8-8597-4daf-a039-622af1a3e782,0
34869b04-f48b-4be1-9537-5ea35ecc0e40,1
3495f987-f9fa-4be2-ac2b-8e83db421141,1
3496a202-5d77-4290-9a98-2fc091e5fbff,1
34ae1ac1-6201-4946-aa2b-f33e125d5d2e,1
35084643-57df-4a5e-94c7-9b825958f91d,0
3553e365-3487-44f4-88a0-f4e995602537,0
35587204-84f0-4067-aedd-f7539e3453ba,0
3561b935-9cf1-43f4-8172-705c4802bd37,1
35713181-0d5c-4685-9d88-073b7a573872,1
35a692b7-1b97-4090-9ca2-0bc6b19c19f2,2
35bafe89-a75b-41e3-8eeb-2d5a456132c9,0
35c8aca7-e230-496a-a1a1-c7497f63a3e6,1
35c92643-b03f-4937-be2e-7e48efe2a287,1
35cb9ed4-cb74-4d18-a381-fed0c3aaf1af,1
35d21eb0-a4dc-4897-bdba-d7ae5081695b,0
35df3a08-10d3-42fc-8b1c-9739efc0dded,1
35ee5e99-c3c7-4370-b319-83e2ddd4176f,2
35ffc6aa-4611-4dfd-998c-c140b3afb772,2
360734af-4ab7-44ad-8329-0c965cd9a638,1
362cd948-e410-43bc-bfdb-1660b67cbc95,0
366b2efa-8b67-4ab4-9544-19e0926601c0,1
36766853-7278-412b-b8e3-510d741ead47,1
36b839a3-e387-4703-9dce-817d58c7474b,2
370aeb95-2552-4dcc-90bc-8d33a900f6d8,1
370e32b5-f997-4c20-b786-d9eab7925a4a,1
3718f21f-4d16-4eb1-85c0-930790a736e6,1
373ac816-62fa-4655-86f3-0cdd9653ed16,1
376661ac-99ea-41b3-b623-ae87c53e17af,1
378f8ef9-98a3-48a6-84e9-0ba1bff35f6f,2
37925c4a-c916-48ff-9f3e-4e2b78f8df88,1
3795cf99-e865-4ea8-a6c7-c8132bcdf762,2
379e1651-aa3c-4370-add1-3462cc1a0bd2,2
37a2b437-c474-41d1-b811-fccfa0ceafb7,1
37b93971-34c7-4345-89ff-7b253a786b1d,1
37cf04a5-eeba-4522-a993-e0c40781e7a6,1
38045ffb-8829-4d1c-9daa-9b371c2aa1fb,1
380ee7af-8adf-4c84-bcec-d311e2c0a980,0
383390fc-ab0f-48ca-958b-98ba02313fc9,0
38a2d6e1-afb2-4c80-ace1-17682b5c2f03,1
38adf155-f23e-4857-9d7b-1207a262ccc1,2
38fe9514-d929-4923-9543-3793e4afe62a,0
3927a0dc-44fe-41c0-a557-eae72fcede27,0
393335ff-fb42-44f2-99ad-2098e0a6fc3f,2
395fcdb5-000e-49ac-bd84-f9405d2af297,0
39be0fee-dbd3-47cc-8a14-d349d99b3eaa,1
39d76afe-fcc9-4886-bc89-04c7b9639320,2
39d809a3-9091-45f0-aa10-151e12018c60,0
39f72f87-df4a-4d64-b58a-1bae3510599d,1
3a0b8ce9-586b-4629-88e5-1d7aa385e55d,1
3a58da76-bf0b-4008-be65-f40746ceebe7,0
3a75aec9-51bf-495a-a53f-d48da083b438,2
3a81d3f0-dd1e-4218-ba94-73e8d16cf9ce,1
3ab7f203-8f5a-4c66-b666-f81c2f949f0c,2
3abbbd33-d59b-47c8-8ef0-b96d2c08a7df,1
3ac78294-eb55-4322-8a1b-3325932ed8e2,1
3ae39e5e-35b7-4af6-b79b-351fc5560828,2
3afb3e87-47f0-4223-b8ba-b3157ec3ae5e,1
3b022442-160e-4915-93c6-08a3434548b8,0
3b0f9c18-76fd-41ce-9f4a-acd5dd6fb808,0
3b499bc0-c871-4898-82fb-5a44b95d7310,0
3b619409-32e5-4f7a-b8ae-7f76e322949a,1
3bd5cd7c-ef16-4a12-bc26-6a74697b985d,0
3c038734-2300-47ba-bf3b-0fe2071941b7,2
3c0e37d5-3688-46c4-b7df-010d1c029691,0
3c2e1436-69c6-49c2-875b-13ebff864583,1
3c369853-bd90-4449-a8d9-d862384efab0,1
3c6271d8-52da-41fe-ba54-2f4658233e6b,2
3c96c29c-ef9f-4f8f-a9e8-1f602c1e916b,1
3cd9d9b0-9732-4843-b806-33f6f70ec8aa,1
3d03c50e-5be1-457a-8927-4c4920c842df,1
3d111e81-f64b-429e-bec5-53bb870d5aa8,1
3d63c71c-6867-42ac-b901-32bf6a67065d,0
3db9f2f8-2396-4f6e-bad9-6642723d46ea,1
3dbe1895-cbb4-42d1-b464-b0def98e5f84,2
3dffd0c3-21f0-4070-83d8-2c24b91ae661,0
3e04c0aa-240c-41c7-98b7-e2d697fe12b2,0
3e4dae95-ab45-4e47-a1d3-c3c9bc8f9b83,0
3eb28b72-bdc8-480f-af82-237c4275dee8,2
3ed6e7bf-8d33-4120-bbba-ec351eabfd33,1
3eda8f1d-31f9-4339-a3a0-59c1732d66f1,1
3f1b7a34-d82f-49ba-ac33-125239b99160,1
3f2253a6-5e2d-4958-9094-ed7dc69af8e1,2
3f343420-50e6-4422-8544-eaa17b65796d,2
3f5f8610-71c1-4c71-916b-faf7a32f82be,1
3f604848-2ae3-4d19-b0c2-f8be47aa1f3b,2
3f898a37-9511-4107-b91c-bdba098bf148,2
3fabe23d-16ff-4e6f-8543-b61ac4cf1954,0
3fb1fcef-c0a7-46d8-9118-52abf3f76c57,2
3fb6c11f-b928-4aed-b664-0a96bc9afc5e,1
3fce4bc3-22e3-4cbb-913d-224c0d61a78d,2
3fe1f651-0750-4627-804b-187c6d6229b2,0
3fe78580-2994-450c-a60b-0cf265be509c,2
40187d46-6f51-4319-827a-c1e1b7241944,0
403b05ac-ae77-4ac5-8bb6-6e95f232d429,0
404ea8da-6034-4c3d-a735-3cb343eca1ee,0
407fcd30-0be6-47a6-909b-e4c08f8ac2ed,1
40a0cf42-71ea-47c4-9364-5d4d6dd915a5,1
40a125ce-d0bb-46a9-8641-22cdb9bba1b4,2
40a616fd-2192-4ac4-b028-dd07e5eeb561,0
40b670d2-baf8-466a-831c-93bc8262a289,1
40efa51c-0139-472e-8c6b-9ea441c49c37,0
4139dc7d-f9e2-4d71-987e-16db33e077fb,1
414bbf38-e467-49aa-a9df-10a248ed24ab,2
4168ae00-6a2b-4c98-979f-ef26d5272534,1
4174acae-4e6c-4d3d-aa84-5fc2c63f8aeb,0
417c6f4d-39b2-4f65-a175-f061b3b41aaa,1
418d7134-6353-4851-ad3c-696c5459c744,1
4197c1b5-f967-4fa9-8287-e9c36a27fb5c,1
419e4713-10ba-4499-8c87-0f914615af70,1
41e7818d-37a8-43c8-82e8-8fb290603728,0
41e8121c-b1f0-4aa3-92a7-70afffe303a3,0
41f74efa-889a-4b8e-ab3b-a50485a7eb12,2
421affe2-b24c-4935-8106-0473ef3f4244,0
4293682d-50e9-4133-86e0-576dd09ffd77,2
42a1e1c9-afe8-4211-8cab-c1882a65b2b9,0
42d0d196-b4a6-414f-989c-af50c602e33e,1
42d3abbc-e464-4e19-9de9-2776c526e8b4,0
42e75d04-2fec-4928-bf0d-f6f1031033c7,1
42f625fa-01a2-4a89-bb08-6e0cf3954b16,2
42fae8d4-d807-4eb9-a460-f1434f913024,0
430b2ad3-95a6-4112-8b01-7d818138b563,0
4340a640-17c0-428c-8d77-b9f48967feef,2
434f43e3-692a-4978-8578-59f4fddb71b2,1
436138d4-992b-45c0-8638-7a7be1c3ab09,2
43638596-cddf-4515-ad7d-2794dd934e5b,1
4390d1bd-9639-49f4-bfb7-7a5e0f6ed1ad,1
43b0d3a5-12a6-4bfc-b4ab-5575fc50be4c,2
43ce0ee9-7db9-41c3-ad0f-cbae19f47d15,2
43f71e9c-6e08-4d81-9972-0c7a87354655,2
440a6a68-e675-4f02-9ef3-918245a0fb30,1
445b20cd-f66e-4127-888b-8b5e101ac1fc,0
447e1d40-0335-414f-9467-266cd52177db,0
4492af8f-8290-420e-8271-55c1509dddd8,2
44b02883-7a3c-4320-9726-79e21176487b,0
44bbfa8c-1ba5-4d1e-9a63-9299fa500a75,2
44cbf513-0253-4ad7-997c-d86538b4241a,1
44df5396-dd22-455b-9526-47bae92f1e76,2
4506ada7-7dee-4b55-9e05-517e1a085ad8,1
450f7d88-9e2c-4c03-9235-3e7a37aafd69,0
4513dba7-e6f1-4b9e-a3ef-42c14715fa75,0
45161c72-eba0-4c76-9ec0-b409ad468efa,0
45626272-fadd-4bdd-90c6-e363349f9756,1
456ff663-6025-4404-9d7c-0bbf077069d7,1
457e1cd2-8392-4167-a33b-c739b008ff3c,1
457f8718-6c50-421f-9eee-ff80bceba5c5,1
4583e5c2-16e4-4246-ae1e-05839bec7e5f,1
45a542e7-c74c-49fe-88af-4076669e340a,2
45da3fb1-af5e-43fa-af4a-6962b5c7a277,0
4612d44c-678a-4428-afdd-02c73b1410cd,2
4615d74d-9246-4f95-93bb-d186ee44bed9,0
46342fa3-09f6-4aae-b625-16c4ed22ca9c,2
4643233a-c02a-463e-928b-520a950795d4,0
46469335-7330-46a8-8f49-17e58597bb13,2
4655166f-02cd-4a45-b07d-f4cc31e8d922,0
46557a00-4e0d-4849-8890-9f973869cb71,1
468d3d22-ecb3-45bd-bee1-b6c99b814a8e,2
46a0918a-60b7-470f-9e22-957823b28b29,0
46e046b4-3792-4542-82b3-0a635cbe457e,1
46feb099-cc22-4206-a6c9-a2e8063dd8cb,0
472dc93f-a3f8-4131-a845-157518bf6693,1
4730f681-b77d-4904-9b23-a22ea0c99dc4,2
4755befb-8f9f-4dbb-9277-e637805f6d7a,1
4771ecc5-4b68-4d5d-b7dc-7f535a37d0a9,0
4779588d-1ecc-46e1-84b1-0d3891851443,2
4789c10d-e164-46bd-b31e-34b359d70449,2
478d11f0-e20d-4bee-b9bf-306236572df8,1
479e4bf7-ec05-4f34-aaaf-6f59defe4dd8,2
47d8c28b-96bb-4c99-9271-8d788630993f,1
47e41174-14a9-4bb9-a73d-2150251062be,0
47f357d0-fce5-462f-b6ef-eb34cba0ba8d,2
48098314-b25d-4777-a920-8612f3c9f354,1
482167ca-cc0c-42d9-90c4-cec586a3d2b3,0
4826de2a-dfde-46ef-af29-16c815f6491e,2
484626ba-a49e-42cd-b5d2-319da5a06696,1
484a8571-70ec-4d6c-b41c-f08559d07f6d,2
48558dd6-363e-4950-a531-bd03342032f1,2
48aa56ae-b3c1-4222-87a7-e9d533dc935d,1
48ae2cab-47f5-46ef-90b2-3513442a6ba6,0
48bc4c28-ce9d-4316-aa1c-f67910077466,1
48bd2ef3-19de-4f80-816a-668670dcaf5f,0
48c4f157-8986-454e-a319-04fd442141aa,0
48e01c72-8902-4daa-a5a1-604f4d70f571,1
48fbce3d-df07-4674-af3d-3ee31dacf181,1
493a2ea8-1766-4188-9c2e-577a4b43dc09,1
493eef07-1eb6-42b5-ac45-4c8e743f26f2,1
4955f086-fb1b-4f2b-a2bb-9a5a5350c110,0
49c3d94a-9cb6-4da1-8597-18938f275b7b,1
49dfedb3-e5dc-438c-8ed9-ead539b2ee2e,1
49f43d3c-dc34-48a7-94a6-93f4591bcf25,1
4a0aba08-ba46-43cd-95da-7f5bb7d1f531,1
4a2bbd5d-76fe-4a5e-8ccb-6d300f1745a7,1
4a34dbbf-fad3-4019-a3e8-ee84a9552aed,2
4a619ac6-fa2c-449e-8e7d-7068bc43e2f0,0
4a959ce1-09b4-4596-9e8d-a9898f3e5e8b,1
4aae5f81-a5f2-498e-8ddb-03869bc438a7,2
4ab2e86a-62b4-416b-8028-df78a5e76de4,1
4ab3b66c-f26b-4b76-9f54-e8d87c39bbfc,1
4abc1a28-dc25-421d-b3d0-3df9909867cf,1
4ad0658f-35e8-41af-be9b-f898d7639c8e,1
4b001919-d9eb-44cd-a39c-929311a31a7d,2
4b186229-f86d-4df1-b2b8-935f32f6b1dd,2
4b1a7396-80df-4fc3-9a56-ed926d9a9752,1
4b41c702-6407-4257-b33c-86a9816174f0,2
4b44e639-57fc-455d-aa98-394aefa59b8b,1
4b872346-72b9-43e0-9b59-c016f9596dbf,2
4b949651-de68-4492-a818-0eeaa41b4cd1,0
4b9ebd0b-9405-4a66-86f5-1b3a67825575,2
4be622ae-280b-4fd6-91f4-b4060a9f57e3,1
4c2c2e9e-84ee-486b-8efa-196bc26395a2,1
4c3da934-6c9d-4576-9351-5c643d39ed15,2
4c5a9ba2-66b8-40b4-a95e-27df6fd4a15a,1
4c66101a-c40c-4f54-83c1-49ab3be8315f,2
4c808486-c68b-43fb-964c-b598392390f1,2
4c88a3f7-aaaf-430a-a707-9e5fdb9211ad,1
4caa02bd-e96f-4415-bea4-7cc1596962e0,1
4cdf6c5f-5757-41fa-baf7-ad9c06dd785d,2
4ce63ed2-22c1-4491-8f31-12d104c76095,1
4d1a07e3-4540-45c3-821e-bd3e3367c9ba,1
4d1f6f1b-0b0f-4a5c-a5c2-43a71a8f4905,2
4d568367-ddc2-4a9f-bc55-762a0885865e,1
4d7381a5-c604-47e7-b9c8-bb3e25c708f1,2
4d767c1e-022b-4571-b864-2525cb72acd6,0
4d85bc12-0822-40a5-a723-475e22f96f59,1
4d8b44d0-46a8-4348-bdac-f0498bd64dd8,2
4d93b431-653c-4640-8109-98c078ad5308,1
4da0f81b-d3eb-4f96-b936-100d03bd5cd0,1
4dacf586-0f28-4b27-aeed-cfb148e9e29e,0
4e8bc8d3-babb-4e20-9f2d-4fe3f86bb589,2
4e8fd77f-a40a-4464-bc21-75b3df632ea0,2
4eb304e7-f738-4d6f-b656-6fc224690e37,1
4ee282d1-3016-432e-a1aa-e38d704c32c5,1
4ef476f6-4c6b-4747-81ea-a3d50231aa1e,0
4ef4d45c-db18-4810-a4bb-a3c6e5ded93c,0
4ef61cfc-a0b8-4f21-8c19-0755e3317d6d,1
4efabfc3-bf2d-4988-bb35-f894b39919ee,1
4f25330a-672b-4c3b-b7f4-050ee3463d68,1
4f46a21e-b8bf-4cc2-824d-7d79ccda0e82,1
4f6b47fb-3186-4219-b80e-d895726cfa84,1
4fabafa3-0e11-48d6-bf26-636ad6af5e6d,0
4fca2b7a-d797-46a2-9ebf-2e2534b2bb89,2
4ffcebf5-9674-47b2-a391-8d3b80673ab6,0
500d8239-3cb6-43b7-a84e-cec2468099ea,2
50285073-0631-4533-a1c9-b4dd4bec9c0a,0
50f45627-fdfb-4436-9d90-39323019c5b6,1
50fe862b-89d5-492c-9f47-042f4a42fb44,1
510232e9-dde8-46ca-9b65-99eced591db3,1
5116ed62-60e1-4fba-a8a4-f0836dd52c3e,1
51325a0d-7aeb-4cb5-b294-901e9693761f,0
5133eb99-5bc7-4a0b-988e-85e898e6d71c,2
51533963-76b1-4eb7-96d2-9b80355b8407,2
515a9aa3-e237-4b38-b401-68ffc3334859,0
51688de4-3dec-4b5b-b193-4811f315e64b,1
51aa7c76-6688-4a7c-8eff-2d574487e356,1
51b04e19-8ded-4b22-8a5e-94bbda625d56,1
51b6abd1-33b8-4a99-bd48-dbac7c57c556,1
51bfedae-9584-4c2d-b8be-d0d17d844b3f,0
52165a5f-a407-49bf-af84-2eecd85d61d6,1
5227124b-9cbd-482d-b3bb-764a6659d299,2
5227dc20-bea6-46d9-bdbd-a035e876c71b,1
524612ad-116c-437a-8ec1-392a7f601467,1
52666916-ab98-49b6-8956-71de23296a5e,0
5274e0ee-1427-49a5-a700-b1a23cfdc77b,1
52a3fbf4-2485-442e-a0d5-95fcc74510f6,1
52c2f9ed-ef35-4dc6-bc8b-c980fd589030,2
52d1ed63-6fab-4e43-8ca9-e4c8b81e1360,1
52d986e7-291f-4664-aa14-eb1687e1438c,1
52fe30f8-faf1-4efc-b08b-0e8f76b4e00c,2
530e256d-e3c6-4b96-a78b-84fe40f0300d,1
53474488-4d51-49a0-84b4-a1cb5e360cbe,1
5359d9bc-b90f-430e-876d-18b531db0e68,2
536c84d4-154e-4117-bd6b-85183b6fb7c8,2
538fa7f3-209a-4815-8da9-cdbe39b3a512,0
53cd05ae-5d46-4b38-ad5a-34357644a9a2,2
53d452e7-9db7-4e93-af3b-c14e4aa969f3,2
53e23133-46ae-46e4-8266-bf49f5a1745e,1
53fda5c1-bfe1-49c4-9c40-e177b456956b,1
54005378-17bd-4f29-8a64-8722b97e3ccd,1
541823ff-db07-44f3-b237-88ee61907e1d,1
54322987-7089-4c1e-91c1-7ab3705003c6,2
543789b7-b86d-4377-b33d-2788d6156f93,0
545a8aa1-b76d-4298-8b75-f83e373f2afe,1
54d59f79-a631-479a-a8e7-8a5ae714a834,0
5503f74c-25ef-403a-bdbc-425a391358f6,1
553fa618-ae9a-4ac9-bbe8-682a99aa549a,2
555cadfd-db93-4df0-a3a1-225f10fd7a1f,1
55993505-31c9-4176-92ae-938305a24d7d,0
55b2934c-f410-4232-9833-c25112a5765b,0
560045fe-ad15-4533-9564-f2f61b977ea3,0
56426744-6b46-4095-9e72-b03b7854c60d,2
5648ff67-eae3-4b04-9d8d-ccb93494a4d4,0
5649a251-61de-408a-9b26-ce67023158af,1
565fd846-f4d6-4bca-8494-e1ec172d59ef,0
56a5584d-29b4-4add-80a5-d4218286f983,1
5730873a-7fb0-4641-b891-c57d571d81d9,0
57317bbd-fd70-4a71-b6bf-0b7e82f396c7,1
5735ef0d-265a-4b1e-bbbf-08cbf072176b,2
57a55953-d8ca-45fc-a12e-7c98cdcd0310,1
57f1f23f-1911-4b58-be75-3d62607705aa,2
580d261a-22a7-426c-8e91-9c1339a42285,1
5813a6d0-7b86-482a-a764-8c2d60497ec4,0
582f0af8-2f08-4e9c-a5e1-88e61d7ddaaf,1
5859f9e0-c273-4f73-9624-bb4dcf04100e,1
586329c2-af59-46e8-9a03-ee39f6b916bf,1
58767302-93d8-48a2-8497-c5b30a5a3803,2
587685dd-8d1a-4024-ae8b-2ee9a6104122,1
588c469a-bd81-400a-b4c1-159acee8436f,1
58ba63df-b2de-45bc-81fa-c15fa3b7f97e,0
58cf2c01-52f8-43aa-8055-89845e8ead10,0
58d76ed5-fa9d-4587-9dd9-508da343174a,1
58fdf05f-6932-461b-ba15-6076193db1d2,2
5917003c-0043-4860-afca-5384a8035890,1
5938124f-07e5-4e7b-bb79-b0c6b92eb982,0
5939e16a-d043-49c8-90fc-86297b529fbd,2
59473e77-eee0-42c7-859a-4f0416b77338,2
594a554b-129d-4235-9ce4-0f4f98c7662d,2
59830185-9067-4378-9e1c-7b1e03d22ef5,0
59a77fe8-3002-409c-9cc0-f8911e39fd46,1
59b9ccbd-350b-4874-801d-0576acead90e,1
59bcd144-b2fb-4551-b5fc-40ad11d98082,2
59cb9d25-8817-4401-b236-8e80afd8384e,0
59d584ab-f484-42fc-819b-6eec9eb2834e,1
59efcf36-ca36-492c-89ce-274a0da0d728,1
59fd9333-518d-4c6b-8737-dd3cb47044bb,0
5a066b64-a2e6-41e6-aefb-350afb1a7a31,2
5a301b0c-8b03-4188-bc0c-5549674573d4,1
5a435d9a-0009-4fa5-b268-a71513a7d248,1
5a817e23-59ab-455a-9254-ae00973893a2,2
5acda0fe-dfac-4e8d-81cd-aa39c0706ef7,1
5af41c66-3ec8-4e33-b401-b43c51c2d637,0
5b081fdc-4490-4075-8c3e-5f1276c9ef30,2
5b272a88-2a56-456c-bf4a-2be4df6eed41,0
5b4a63bd-1b45-48c6-aebd-e2d6faba12f5,1
5b72990a-2a41-4c24-8f57-9d95f0fb3626,1
5baaaae6-d9cc-45f5-9350-39ea33e29f4e,0
5be06a89-3742-4e68-ba81-495d46884373,2
5c24dea6-e26b-4004-bd48-0c7f6a2edc2b,2
5c32fd2d-a294-408e-9ec7-f8aaa3c252ea,1
5c4be634-62c7-4ac7-8012-6fd6c31430bb,1
5c5dbe58-878a-4f72-a5c3-d5af95001d3c,2
5c6c30f3-a99b-4b2b-bec7-5a57a654eec5,1
5c6fb351-2b48-4511-a078-16512fe40fd3,1
5c75fa5c-da4c-474e-accd-09e29d870f36,1
5c7e93d4-a738-473e-88dd-02a14b319637,0
5c84f7ef-02c3-42d0-8e66-f25393eead6d,2
5c9899dc-bdbe-450b-a5ae-26970f4d90c2,1
5cc215e1-65ea-4ef1-8b15-89702770007e,0
5ccd33b8-ac95-4ec7-b149-c78fa0f851c3,1
5ce12aa4-38e7-4aa6-9eee-71931d0a2650,1
5cfef877-41cd-40cd-8690-3c760f653a40,2
5d3889ea-ee93-4206-8b38-9d30fbbeb8aa,1
5d79707e-8850-45e1-981e-20395918f8e6,1
5d80e94d-3a59-4a75-bf95-b739da85f3ee,0
5d872863-7e52-4e59-8847-822a1d813ec9,2
5db68b98-9a35-4ea4-abd3-911154f5f0ee,2
5db86cf4-cfec-436f-8d2b-5c640bef6194,1
5dc36f3c-c6a5-4297-bf99-5348152f648c,2
5e437dce-2652-4661-970e-2322877d392d,1
5e56376a-3d6a-460e-972e-6d4312cb92d6,0
5e5de93d-d15b-494f-b3fd-4a8485b3bc7f,1
5e61a15c-37a1-413b-806c-b398f5718ad1,1
5e666bfe-c579-4329-af18-c7a0ef5ead7f,1
5e672fea-ceae-4ae5-ba3b-2f2db047e71e,0
5e6b2db5-00e5-42ab-98b8-0d309f0e5bf0,2
5e6faa7b-2510-4b20-9adf-dcfbb513f0a8,0
5e7a7c42-dfca-4821-ac9a-afe13959dece,0
5ec787f1-b7eb-4be7-b590-c812c1950c67,2
5ecf37c3-fd93-44db-a8e1-18683d99c933,0
5eeffad9-aef3-4199-b273-037a5979e31e,0
5effb3db-a8fb-4bf0-97c4-a474111829fa,2
5f13f25a-f372-480d-9365-02c12a403470,1
5f331a74-7a39-4904-9b35-9b0b70057741,0
5f399355-911f-464e-b0ba-987751f8937f,1
5f505312-31cb-4257-810d-6f8513e71f7d,2
5f5158c8-ea65-414d-ab15-37eb5c356b02,1
5f536c2b-a981-4fda-9746-0504eab16f23,1
5f5c36fa-55e2-4228-960f-9112b6fafeb0,0
5f9214fc-6169-47e5-8cd3-7c9dd16b0b93,0
5fb0a483-7efb-4224-8ccd-b16e252f0d13,1
5fd54b72-e515-4b08-afa7-2d86c250ce31,1
5fdedb6a-6ce9-4675-aad5-9c53685a45fd,1
5fe8266a-eed7-476b-bbe8-361103bf4db0,1
5ff67591-dc0c-4d1a-9a16-88e7c5015185,0
6031fb29-7c52-49b7-ab6c-0046f6910d66,2
603be687-0e21-49dc-a267-00c25d5541e8,1
6046dd67-12db-41dd-b1f6-45f49fcb1f30,0
60777b4d-f58f-4fe8-b601-24b0d562ea08,1
60bfc8c9-bc95-42c0-a6e8-c35c8dd3e71c,1
60e865a9-364f-44c5-9646-a6ebf7be19ab,1
6120e06a-73c0-40f4-b1ef-32089867d4b3,1
61318fc4-904c-49bf-a9f6-fa9c72baaedb,2
61357c86-445c-4284-b1b3-8b358b02539e,2
6165d8de-5323-4e49-a019-8ca18556beb0,1
617419a1-c8bc-4610-8c3e-a32156348dea,2
617e98e0-e792-4ab9-8d35-785dea8083d6,0
61b36025-8175-4b00-bc47-c1d8f092a238,2
61b589c4-abb5-4f53-aec0-5fc43bc50910,0
61de32d6-8a6a-46c9-9c2a-659253cdb2c6,2
621125fc-f504-4250-8b82-6314dc839727,1
621d2856-1bf3-4701-9f1e-c453cf800ce8,0
622078b1-2c14-4182-9aa9-d1498c5f9950,0
62208497-9b20-4b38-96aa-f39e86b50ddb,1
624b72fe-bc48-478e-9543-64bbc4bde54a,2
626ae455-7890-409c-868a-943f90136da3,1
628fa242-1be5-4139-af59-8a09bca93354,1
629c72ef-e367-4242-ac52-d1bd2c660526,0
629c7db4-05a1-433c-b0e0-f51d97d80c1a,2
62a7270b-09f5-40d7-80ff-af37a8f8db50,2
62a91385-87ed-43e0-a2fe-eca37596df2b,1
62d76bed-fb80-4019-911a-bbb43dfd978f,2
6307ceb9-5bbb-4495-84d1-e79e9a8bdded,0
63642976-83c1-46e1-ae62-8a749b137e8c,0
6364e020-3183-4de3-81f5-8147b9201127,1
636ca33a-2f0d-441a-bc93-e5ab648d7290,0
6372d37c-bcf6-47f7-ae64-3290f9bfa9d7,0
6387da63-1d2d-4eb3-be14-6810e035f2b6,1
63a039b4-991b-44c3-8fac-562fca2015db,1
63a58291-6acf-4a67-bfaa-80bfb177a436,0
63ab19be-7d87-4b82-9406-a4561c93972a,1
63aeab0b-a158-41ad-bc48-6a971f69c90b,0
63d91685-b3c8-49ac-a210-8b13b8e8461d,2
63e351a5-7b02-4236-bfa4-4d79b8d68e66,2
63f57e9c-b3c2-4bfb-ab52-9412f83c076b,2
64043c85-972f-461e-8a73-6bcd5134e9dd,2
640c4771-d01d-4735-94c4-7ea0084abe7d,1
64254f9b-ba1e-4039-adcc-89ddc10fa761,2
645cca2c-d59a-4ccf-97c9-15f42a89497a,1
646e5ee5-b997-43e2-8eee-2d4595310b8a,2
64720bfe-e90f-4692-9108-3dc67a547b8c,0
647f4e18-fd74-4bb7-9daa-8d523c667ede,0
64815cb4-4d39-4c22-828e-114c962652b4,1
64ab5ba1-6c30-40e9-99b2-88287689736d,1
64d0f709-e88c-4325-bedd-dc57dd4ebce8,1
64f83137-1b09-4f42-9825-e64632824273,1
65428250-c675-4708-9cb9-ee3e3307f561,2
65482341-a492-4e3b-91c4-d7c66953ab27,0
655108b8-4a91-4e9f-92ad-6948485a4911,0
659f2785-2d2d-40cd-a25a-82c0128e6f3b,0
65afce06-ffb0-42fe-b831-7f75d1e35f5d,0
65b1b11c-992e-4ddd-8aff-c1b942ea9eb0,2
65b59a4a-aa5e-40a6-a80d-da54186aaf4a,1
65c57711-25e3-4403-8527-958104093c8f,1
65e9c328-ebe3-4fcb-8b5c-bdea6393340a,2
660fb6c5-b6f1-4b1e-8723-de3bd69f81d9,1
662dd588-0832-40f0-ad6f-63be28370116,0
6648201c-bc75-4b07-b208-c930426310b7,0
666b5971-912d-4959-9d35-7ccb06bcc455,0
66885f98-22ed-4e6f-86d0-d7fa49706d43,1
67190354-0b96-4db6-92d0-e919fbe42ed0,2
6726c6f3-52ca-4586-9dbd-94962a701d9a,2
672d02c9-6bd8-4da2-8473-a93eeb409347,2
67527537-1368-4271-bd0f-ed62280fbdfe,2
6797a3cf-3672-481f-9066-4f22dfda4eed,0
6798daa2-f3c3-431a-b9b9-d75277ffdc79,1
67adc2bb-6de5-4906-9e32-e3c39408711e,0
67bbcb23-180a-4207-b220-be440d119d05,1
67bcf1f9-2deb-4d56-b8ca-62d4a16097ca,2
67e76b59-3e91-46c4-8e77-1463ef09d315,1
67f96957-9d46-4fd4-941b-d39b0bda3d3b,0
680dadca-8468-4969-ab35-17e546535c53,0
682d21ae-c382-4407-9ed9-f5b89d42a8ba,1
6831e373-b3eb-41ea-a636-e66bdfebdf70,2
6833c1fb-3040-4d54-8b50-21ed91219ca9,2
68481f4b-54fb-41e7-b254-06e9db06f5fd,0
684f7653-99ac-4638-a536-c3aad87ab737,1
6858a93b-b8f0-4498-8ae9-357c52da26f3,1
68b020e1-a9f4-4867-9ec8-df49ea53fc22,1
68d9b9c0-08ab-44d3-9e30-0ae89d9c67c5,0
68ffa03a-12e3-4c29-8db3-0aff7911bee7,1
690d91ed-ff49-4a95-9bf3-50aa2ed786f4,2
69183f03-8b55-41f2-a33b-34f466ea37a2,0
696a0131-4125-44a7-a761-657cc4b41b5a,1
6973f871-3986-4abe-b487-0e815b99b740,1
699d53b0-79af-4b86-918e-530237b2dfe0,1
69ca65f9-53f5-40bd-be55-70d99ee1dbbb,1
69d0be7d-d722-4443-9699-8e3ebc2a006c,1
69f29d74-3df1-4394-a0fc-81b0a7724f19,1
6a2cfb6c-8a38-4e29-9d07-82dab6bedd4e,1
6a34fada-c1e8-4696-be0e-c9048ebee3af,1
6a5d0207-7299-48e1-bf64-bb34cfec0b3c,1
6a5da9cc-4c86-4c7a-bb01-239771f4f004,2
6a70ecc2-7139-4cbe-ae08-efe26a079eb9,0
6a755dd3-d03b-4d9e-b04b-6949237374e6,2
6ab700c8-9923-4ca6-b735-ef908d379399,1
6acc5db4-e945-4ab3-91f2-dcb2bf327eb3,2
6afb61b9-18a2-4521-b4ff-09b5f9531f33,1
6afec9a8-d665-4d7a-9952-f37f2745636f,2
6aff2a75-5012-4558-9c24-e722a3cd4f2b,2
6b036e23-1ebe-4595-a4b8-1d9e94788982,0
6b1e4c65-4b25-47c3-881b-6518dd3f3cea,1
6b26e135-7763-4692-a57d-21a4960f6678,1
6b356946-4c8b-4f35-8af5-11188e9e4610,0
6b4f7888-dcbe-493f-82e4-08be52af7908,1
6b91c91c-c981-4c4f-883d-3a5ed7e075ff,0
6b998ed7-aa3f-496b-832f-c80c42881840,0
6bc86560-8e05-4c6b-8a94-6348ba29a597,2
6be36934-2ab5-4045-b113-bba4293074e9,1
6bfe840f-c1d5-4982-af79-0dbb45706d95,0
6c3ebd0f-70bd-4615-846d-32ba33c0cbd6,0
6c41acdd-996f-40fb-8ce0-8d931c72b8da,1
6c641c3f-e49d-491f-ad89-3f90e4217ff8,0
6c650622-a566-4754-bdf5-e72031b361dc,1
6c6f9b0b-b134-4c14-b0ee-25b7f0f0afc4,0
6c738425-65e0-49b5-b755-a7e1fa9adecd,1
6c85b268-9e11-4ac2-ac29-34b9e803f38c,1
6c940249-83ec-4bfb-b34f-ce0bbf5ab927,1
6cacb116-d38f-4d8d-b65b-5d9ecfc9de7e,2
6cbc2328-3bf7-4dbf-8a19-a995c2c96a51,1
6cbeb56d-a2ee-4fc9-ab3a-f68d49ee75dd,0
6ccf93cb-4fd0-4608-8d5b-a838e6137f9a,1
6cd7d891-363b-40b3-9d3d-0c04117c075c,2
6cdadfae-0479-475f-8f76-c625ee8d880b,1
6cde89b9-6580-44f5-8339-9431b701cdf4,0
6ceae08f-5e6f-44cc-9885-6e6704747bef,1
6d24e182-a639-490c-8ca9-8d617d871738,2
6d282f7a-bdb2-4f0e-b2e1-f7ee8bd1026a,1
6d525407-bd91-43dd-8566-19274e2517d9,1
6d54551d-6cbb-4bb1-8dfa-7fed1cbecafd,2
6dce288d-1e9e-47d4-9641-0958e644a966,1
6df4b6d5-76e4-40d5-a7aa-100a58023500,1
6e219e5f-113f-49d4-9cc4-7808d90d9ad1,2
6e2fdebc-5fef-4599-b351-5295e7c9bd69,1
6e3f6568-166e-4a88-948b-ca71c3e905f2,2
6ebf60c3-b9e4-4485-bda0-980964a4685e,1
6ec467ff-427b-4f8d-b4a2-2b9b5b74e7f0,1
6ed6e06b-4ae7-4b84-a24f-1bc60a4683fc,0
6ede3b07-82c6-4b56-b9cc-20b0990f9a86,1
6f04ba8d-0911-400b-a6aa-277810e9c36c,2
6f0fbb12-d2fd-4626-acd4-59d9be8c5e52,0
6f2a1e3f-09fd-469c-af3f-894b66bb1549,1
6f5786d5-0cd1-4a70-bdfd-1a57edb1cb1e,0
6f768943-be98-43bb-84b7-6a6d19b52864,2
6fcb48e3-18bd-4d5b-ad56-0fb2de9e6c2a,0
6fddc781-abc1-4dbd-b2ef-712dcef456a1,1
6fdf7ccf-49fc-440c-93fb-220062389a51,1
6fed41b6-0764-426b-af4a-5d84ce94b374,2
6feea643-0368-4b90-bc82-4a89860a87cc,0
700289cc-c264-431f-89de-02250dcb5831,2
702a4b10-8ea6-4f91-b010-68e58eab8eba,1
70302ce8-8de1-412d-82fe-8cdc16a844bc,2
709798b6-6060-4a7f-8976-97908777e16f,1
70ae6f1c-46dd-4abc-95da-0d61d4a5d06f,2
713e0d74-ef8f-4bf5-97f2-5b808115cbf3,0
713f9338-fe5f-4296-88c0-691148eae2dc,0
71558fb2-9ca4-4ae4-b5a0-126ef9687342,1
71731261-ea17-43c7-8d05-187eaa49cae2,0
718cf752-c18b-454a-8207-694e9cbe422e,0
71a0fe18-134d-48a2-8e29-c8a7fb14aaf2,2
71a18a84-0021-4a84-8655-168c3d5d4e32,0
71b67a38-af25-4439-915b-0f7a6e4d0e28,2
71c6bddb-245f-4f1a-b908-254cd038896d,2
71c75574-2b3f-4b88-9f7b-d692eb9b2883,0
7206a966-d075-4ff0-bc34-ae76b9a760c5,2
723de254-b150-4405-9d5c-574e75fe8ce9,1
72461914-26e5-4233-bf44-2a1e12415508,1
725c2634-e3ee-4319-b3dc-d255cbd48887,1
72611c27-22a3-49cf-a06e-8dc19eb8ebbb,1
7273ca85-5cf2-4ef8-8d64-4c0dc17949b6,0
727f9780-5984-4362-aa7d-d7c3b58d8e01,2
728872b7-f0a7-4a58-b4a4-38af2aca211d,1
72a48eba-ba34-4504-9c1d-5939fa6f3f55,1
72d6d85c-7009-4684-8c70-4c7eb149003c,0
72df0e26-63c5-4208-94a5-fc6fe7f3300a,0
72fca7b3-8158-4626-b143-254f96a21df8,1
7307f82f-6fbe-4492-9bc6-078e696d3eb7,1
7319e869-919b-4f61-a194-dde56ae65fd4,1
732bd6fd-8610-42f8-912f-8be5f69c55a7,0
73385769-3527-404b-9acd-fbae563dee24,1
734cb036-2725-4e19-837a-a2f1ec8e6b7e,1
735d0d70-b0df-4f39-80bb-ccc940e525b9,0
73811cc5-3c17-4bd3-b827-d6daec84a9b6,1
73878f64-bbd9-43a7-bf78-d0b8b69cd159,2
7398ff9a-b52c-4bca-b169-6796f616ce4d,2
73acaf84-875d-4edc-a6eb-df5a4c5b6d00,0
73b35200-9392-4ca8-9b1f-9a72c065cbad,1
73ca1863-57f9-45c3-8563-f944da8f1722,1
73d90363-6809-446a-9962-0ebb8bdc3a18,1
73e7df2e-4818-49c5-976d-e16175c9213d,0
74091457-4514-42dd-9e30-2e3cab490978,1
74530f7e-ccbe-4ef5-b8e4-2654bab70d50,2
7460014f-1947-43cc-8aa6-c1243a7de17d,0
747eeb85-0841-4015-8781-e145cee9e9fd,1
748de288-380a-4b4f-a09d-1ee7487bf28e,0
74b7716c-5381-4569-a2ab-96f3b8aad978,0
74bc8494-580d-41be-bbe1-825ebff81b50,0
74eeefb8-ba0d-4917-8f81-21338649fbe7,1
7514a504-9e65-42ff-b7a8-8f34e0e73437,1
752e0274-1f4c-489d-a931-b5aabcef8f9b,1
752e6160-4c0b-430f-8f2a-993eff139727,1
75920c8c-db8e-484b-a689-c858b6d8dc5d,0
7595263f-0d87-4782-b535-43eabbb505b6,0
75c7a1c6-cc42-4e19-9c3a-566a1b1fca5c,1
75ef8be5-43eb-4958-9cca-0e3789a551fa,0
75f2e140-97a1-4822-b88e-ba9086c4741a,1
76032526-12b3-4640-a90b-a051af1be82b,2
762c64f1-8c21-49af-b4ef-b410dde53255,0
762ccbfd-4a17-41ba-bcd1-3c0b5f9c865a,2
7646a239-c1e4-45d7-b446-69083605082b,1
76c26265-6c5c-4c08-8b80-059f23bda9e0,1
76d1532b-749b-4ee2-b54f-b6f19abdbc39,2
76e262f2-716a-48ec-a43e-9e94dc9aef4f,1
76ea5da0-4650-4309-bcbe-247a7f66afe7,1
77084819-fee4-4eeb-a739-9bf9d7178b37,1
7709cadd-1c83-4063-9bc5-2514dc6795c3,0
773ea90b-2898-4cfb-96eb-2abf2c8107eb,0
77404126-4f74-45ac-ac12-2d77b531e181,1
7756f24b-f0d0-4e89-9bb2-380c2398bcf9,0
779047c9-ae2e-4eed-83ed-f4750080a338,2
77e9e30f-edf6-4182-8a84-c3c992077a6a,2
77fa94a5-67d3-4a01-8ce5-1dfdcac15c10,1
77ff1930-2a33-4771-b0ff-a1c7e9758355,1
77ffdd6c-fa97-4900-bf2c-fb4c3067d1e7,1
7806cd7a-7198-439d-9688-059ec7d0cba8,1
78475b05-4cff-4e14-b7b1-94eab968a519,2
7859012f-779f-49f6-a00c-9c435a60deb6,1
786005ca-23cf-4d66-b7a0-76c77a48e2a2,2
78738ad3-0883-4f16-b437-ca77bb292511,2
78756ea9-4ce2-48b2-95b1-21d8dacfb457,0
787df603-f979-4c95-a2fc-128bfa11380c,1
78878f3f-d45d-45b9-ba8f-6a16069a40a9,1
78fa83e6-7f86-427f-b575-495879ac50f4,2
792103e5-99e5-4a03-90fb-b286f92c8888,2
797ebd73-bd95-4669-a15d-5a5c7534fd20,1
799a6b5c-671d-473b-8153-83ff006160a5,0
79ac12d8-f587-4245-b313-f533bbf1650d,2
79c532b8-61f3-4ed4-890f-5f67c079584c,2
79c703be-c2cf-4d36-84d4-7c9e186ebb78,0
79e51146-d402-4751-82cb-3dc6d0b4b49f,0
79ea81b3-16ed-4cab-9142-a59b9aae6e9f,1
79fec382-69cb-4376-be8e-0228341f31fe,1
7a13ebfc-b1d6-45b7-9e01-057d14761300,0
7a3aa65c-f8e7-47b4-a3d2-38793a1f6961,2
7a724ef0-5778-4aca-a744-06cc3c64aaf5,1
7a98b81a-6746-47e1-ad1d-00e6214b6e90,2
7ac2172a-eea6-4c36-9001-dd8658ce66b0,1
7ad2e262-94bf-419c-a701-686434736ee5,0
7ad5e3fa-22e5-428b-9eae-82c35ea0ebae,0
7aea8d02-e583-40a4-ac9d-db0601e2ae53,1
7af327e3-bdb1-4134-97d3-920b9d077cff,1
7b594155-2ff1-4f7e-b64d-4231f62a85a9,2
7b63d6fc-7c23-4040-8e1e-235813d72053,1
7b683fc3-09fd-4c72-a889-809cc4cf0815,0
7b6ab5a2-6641-478d-a506-17a7cfbb3531,2
7b6d8595-d0ca-4d9d-a52d-bd83c7576f4d,2
7b857fec-7981-4fc7-ae5c-7d9d5be32902,0
7be59ad0-6ace-49ed-8472-1b6593960e8b,0
7c09711a-aafd-4169-ab2d-c16355150317,0
7c205728-3c29-4e5b-abc4-ec4cbbf307fc,2
7c342ef8-993b-42bc-805d-1640902cb8db,1
7c418a4a-480c-41b2-903f-e188375f12c9,0
7c50a859-c35a-4543-b0ce-e180db4733ce,0
7c5c6e2c-96a1-458e-a0dd-76b89700efdf,1
7c76c2de-281a-4192-9745-2c4d75391917,1
7cb14445-631f-4a0d-9f21-44a431874d92,0
7ccc3282-8f3e-4be3-9fe4-81e3a527d48c,1
7cccc492-58be-4a3f-a2e6-1dfffa0c51d0,2
7cd8e789-48f4-4172-aa69-d38b4c77e18c,1
7cfa8d10-fb50-4652-bff6-5dc46cfff3cd,0
7d0b40db-ba5a-4db6-aaa3-e59a9905db14,2
7d11e451-dd7f-4511-9045-986c1984533c,2
7d2de589-19f5-49ef-9960-96af13f57533,2
7d442da3-4b5f-43ee-b07d-025914ee6824,0
7d95509f-3cdd-41be-b3b5-5469dfb9667a,2
7da44cc2-9682-493a-a5bf-a3b399c08af2,0
7da93da7-5fea-499b-afd6-d0d1567ae617,2
7dcf280d-4d7c-4443-89cd-103d2bf1af58,1
7dd1e9f2-4531-4a6f-afa7-52b658a9f875,1
7dd2f92e-9ff8-4a43-a18b-5db7951c3838,0
7ddf57c7-e0a1-41f6-ae70-5b037598f693,0
7e0066bd-2fe5-4bb4-8968-af3215ca6261,1
7e01137f-cf19-4fad-9343-144e9117de5e,2
7e0f52a1-c159-459f-8a04-78f398d0b9c4,1
7e1141b7-abf4-4ade-abb2-431e5bf674f6,0
7e54f601-beca-4f6d-a118-492e7260eea8,2
7e73e395-3df8-464f-a622-bd5d92eed552,1
7e893632-fddf-48be-8d93-d77000212e05,1
7e9b161b-683f-4424-bf63-3b102c1488d3,1
7ea8c59d-5de5-4d0c-a6e1-53f825e97d89,2
7efeab38-23fd-4603-8b76-8222c0698c2e,1
7f1b3b83-9222-4b87-9703-03635840bde9,1
7f3f3592-8419-4478-a171-19d3a4e5171c,0
7f666ed3-552f-4d74-80ab-fb1e6f2dd40b,1
7f89d5e3-3525-4f8e-9654-d6580179576a,1
7f90d5b0-037f-4d7f-950c-616af4d7d5ec,2
7fae889c-4f35-4394-ab34-2f3aab993d71,1
7fb95cd5-c28c-4bc8-bbe5-397ade7863f1,1
7fd0da67-03cc-41d4-9549-d80e11f08b29,0
7fd4480f-b733-4e14-8b9d-3e85f1304a06,2
7fea4cff-91e5-4f0f-a7b2-9c880b14cb8d,1
7ff69ac6-1841-41de-a5a7-28ffaa3ac0dc,0
7ffa8e10-ddf7-4397-8ae2-39a87203a875,1
8064637a-f5d3-4cc4-889e-8621b72c9789,0
80863c0c-8ed5-443d-b0fe-671cc76b74a2,0
80bb2bd1-f028-4540-a1ed-d79203a17f5c,1
80e470b6-a1c2-4731-b5cb-ae8f544cbc19,1
80f063e1-c55b-4b9c-9159-939004331a75,0
80f3e536-cb41-464c-bfde-51fd85a261f1,1
8114fbf7-30b9-455f-b386-be0412109937,0
811ede61-6705-487f-bd57-580061c18de2,0
8134f429-c647-4938-9736-60d1f52c78ec,0
81357bc9-ca1a-45bb-8dc7-8e14365c4ced,1
81745528-dad1-460c-8a47-dd5de82632d3,1
81763102-ef76-4c0e-8f94-f126126743e3,2
817a95b9-5754-4ed0-b000-f696299b8380,1
818f89bd-4ddd-4eb2-afc9-9d3317db386f,1
81a3d444-e75d-4727-b5e4-ef94ec222fad,1
81cc1de2-d25a-4cfd-a909-36b0abf09b07,0
81cfba8e-aee9-420c-a281-b52ba0fe6add,2
81ee2b7b-4bd5-4d1e-9c3c-50e57be3e76c,1
81fd6879-f271-4873-811a-f1b32aa29e7a,2
82056b37-463a-4878-b935-e550b399f709,0
8216ab35-4903-4138-954e-66cad321b363,1
82275ece-fab2-4890-abb0-7523e496d5bf,1
82311bbd-4e61-46f6-915b-561dff81e7c9,1
82730d9d-6bce-400f-bbdb-1f2558a69f3d,1
827391a9-f646-4df6-9830-325e1ce44898,1
82a196b6-e7bd-45a4-97d9-6321efd0bdb3,2
82a3a8dd-7475-4163-beca-d0d3eaeb7f04,1
82be2bf5-07c2-481c-ab74-d34c60f684e3,2
82c1f2c4-bb18-4591-b5eb-82b93f09c6ac,1
82c3eb12-786a-49fd-9b7b-1a36564bf96e,1
82e72286-5c50-4f2b-ba7b-caad519eea8e,1
833160be-332c-4758-8de8-ad319265bf5a,1
8379bf18-7915-49fe-8aa5-fdcfb78dbcdb,1
837b78f0-75f2-47ad-9a69-252b0cf10f72,2
838b773a-f7ca-4395-bcfa-4601e5ebed4b,2
841223a4-7bc9-41e4-8c12-72baa4326d7f,1
8422d552-2560-4209-b41d-e7f64b92aaab,1
8474208e-aaa2-48f2-ba7d-56d147b09691,2
8477ae01-7167-4080-9a23-577cbdf99ecc,1
847b21df-6d7e-4200-8409-2e3ceb139ba0,2
849a56de-3751-446a-bfd3-a03601357d2b,0
849c109c-f07e-44a7-8739-d5da8fed3239,0
84af63a6-3c5f-4df8-b4dd-f30d5831eeff,2
84b2b9b0-ccc9-4eb9-a86b-5d1d42ec8443,1
84be3dff-364b-4c86-9825-8f72fae22710,1
84becd9b-4bf2-4f13-b29b-28125d8b4cd2,0
84e71819-a4fb-4539-8544-4e982ad519ed,1
84e81e3f-fd98-41b0-b1b5-ef14e581e086,1
852bae1d-c7a8-4c4c-935b-e63fb331784e,1
853e8f93-2082-4564-8cd1-a5397422c622,1
85445296-90c0-445e-8a76-495c733c6273,1
854d8cf2-8bbe-4f69-930c-d9ebbde1c279,2
8550f100-ab96-417b-9ad9-b7f960efcdfc,2
855963c3-217f-4f51-ad73-8add93ce9769,1
856970d2-bb4e-400e-aa74-e502976432e9,2
85770b8c-07c3-4957-b44d-c52a4298f5d8,1
858866ef-f469-4e79-8e4b-b11976381d9c,1
85ac17e5-f60f-46da-9bba-43178bd13cf4,1
85f56b2a-a0cd-4687-bc85-c26028c25068,2
860f90ba-6785-47c3-ba73-4051751de48e,1
8617d60e-01c6-49b9-bbc8-d501ef711046,1
861ca877-b1a7-40ea-9a0e-7f7962cf7e84,1
8620603c-c65b-4a43-bf6b-e534a34a4aba,0
865e6905-c5a1-4ce8-afeb-9efb9ef39464,0
865e6bca-88e5-408e-8016-9ee2058ba314,0
867f609a-231e-44de-aa65-9eb0590fc613,2
868a5f2d-3749-46a8-b547-4f5f28cc7344,2
86f0de20-75df-455c-9503-9cd99194ffb4,1
87350b30-52f2-4b2e-8481-7f17ab9505bf,2
8751fdf6-5186-4e2b-bdf1-2125c92755f6,1
87687f2a-3f2a-4f18-a9c9-930f69105f8e,1
8775adf0-fab5-40ca-ae4d-6a1b991af2ec,1
87806dbb-ed7a-4a65-b740-c10e9cb5c008,0
87c4076e-4565-4407-8f5b-7d51ae783ae2,1
87d44f0b-d9b8-4095-bc7a-62c70c593455,1
882570dd-1263-47e1-a819-b97cb3470940,2
882d35b2-94ae-4db9-b05d-f150fc79bfa7,2
88981cb9-98dc-4beb-908a-6ddfbe6c8971,2
88b2a515-eee1-4318-af19-3fc8cb4cea5b,1
88be814e-a0cc-4f6e-972d-ba1c76f0829e,1
890058d7-4fd7-4693-98fd-c49b42657361,1
890c4e9c-d764-445d-9cfc-0cc8ba52e93f,1
89139b7a-b23a-4925-a3e6-d6b3a2ff59e4,0
892c3e55-3a59-4e69-9926-3286f607668f,1
89512b1b-f1e7-45a4-b71c-a3f336c0d6b6,0
896fece6-a968-496e-af4b-6974ed197af4,1
897be8c1-5509-4001-b152-43825eb1f76c,0
89859877-4979-4fd4-a5cc-b775341f7100,2
899834e8-0b92-4ea3-bd76-5c015b67f8c9,2
89c38b60-0d96-427d-b270-325cc5fa60b8,2
89c6ade5-5ac0-402f-9c74-45720ae848a1,1
89c94760-4899-4f05-b0bc-0c39d495ae56,1
89f2ab37-7016-4357-9888-25c77d8b031c,0
8a0fa1d0-4a38-4c9f-8492-1d09eec9468b,1
8a15ab9c-c1fe-45e3-9091-e9ca83f57e90,0
8a26fd7e-b36c-44c4-9499-c13c12f89e11,0
8a4a22ea-25b8-4612-91cf-75dc4ec1f773,1
8a5cb04d-3a85-47df-995c-ada97c528495,1
8a78f676-6b9e-406d-83f9-6d6bf34eb2e6,2
8aac596f-88bc-4000-9712-a01af4f4d687,0
8abd3b15-fe35-4b23-8ed4-fd2513c78d46,2
8af32266-2099-4e03-9c32-85276896ccae,1
8af5f7d1-e28d-4d64-aad8-ce1abe9f605c,1
8b11f18c-b17c-4ac2-86fe-12a61bcd056b,0
8b510bf2-c8e2-4b89-b567-d14daa3b822f,2
8b5650e1-8468-402d-af3a-8e060ef30a64,0
8b6354fa-e11d-489f-a791-030ce74b3837,2
8b656f85-e737-481b-a363-33604afafe9e,2
8bacf7e9-7dd5-45db-9286-c767bfbaa051,1
8bc94dda-ab0a-4e45-82fb-1ce04d184879,0
8c207ec5-2888-411d-a387-5986e76bfbad,1
8c50d8e7-2e4e-4bd4-b923-0966d928e133,2
8c51daa0-274f-4234-957a-c4fa25a4f916,0
8c6135ba-5295-43bf-8e7b-c232ec7bf97e,1
8c6bd37c-cb00-438e-83da-c15d73dceb90,2
8c76fe33-1bea-42c9-85da-58be744b40e4,2
8c876406-d457-4770-bae0-209d2ab4bfc2,2
8c8dcbe1-fb36-4b11-8081-a57a96719f6c,1
8cd5f63e-0c2d-44ab-8b85-81fb86bc473f,1
8cd8a47d-79c5-4c4c-abb4-6ce44798c40a,1
8cdd6eb3-7fbf-4619-9283-cfb41e442c6a,2
8ce8bf57-fe38-4ce0-81a2-77f0dbed181a,0
8cf0eba5-4d8b-49ec-bbfe-7ff5337bc8a5,1
8cf63151-60b7-46a3-8552-1073778d616e,1
8d4f6dc1-fb50-4c16-b512-29a5d6cf2ac1,1
8d51490c-971f-43e8-beb7-f8b9aa377aeb,2
8d898fdd-4b5a-4e94-acee-c901f8a4e0cb,2
8d8c1445-5522-450a-acac-55dda2b81622,1
8d9d3829-19b3-4c6d-94c1-f36fd942b99b,0
8da73722-f785-450c-9601-76f83ddf7f70,1
8de4bab2-fd77-4c1a-a160-54889a40d69b,1
8e0efefc-f7c0-47e4-970d-ca1672c3ece2,1
8e26daeb-4197-4bd9-8604-79fb4a481237,0
8e369005-2a89-4e78-abaa-930142b486ff,0
8e4ffdc7-0821-4c63-a02e-2e935da20ada,2
8e7507e1-4ed6-4b28-8dd4-d27604d80e45,0
8e824e84-1b1f-4e23-8e96-596a826ee54d,0
8e8e91f9-800a-4d6f-a0b6-b4b4248e7551,1
8eb48e35-2465-4702-8328-7d63047376dd,0
8ee9cce6-3494-4d88-ae23-bd5e298c8e30,2
8efb114d-1411-4e54-837e-87381a312bdc,0
8f301cf6-f55b-4121-9257-b84d4525bf48,0
8f372961-c0c0-4b42-99d9-407c486e589c,0
8f53419f-a756-4bc0-8160-93fd9a166f4d,1
8f6115b3-acc3-492b-ab53-245933f300ad,0
8f6acb0b-d161-4cf8-83a7-9cacdd4ed430,1
8f6d602c-5b5f-4d58-bd9b-b16ae040677b,2
8f6f626a-6f60-444e-9334-cbae715c62de,0
8f8d129a-60cd-4fb0-8d40-336ab105d82b,1
8f9869d3-84a0-49e0-9705-b7cf71d004d8,2
8fafcb79-7bf0-47f4-9b6f-9cfd1aa778d9,1
8fc63a39-1d30-4042-82b9-c71a7d3e4f04,0
8fd354a0-37c4-463a-b3ac-237d3589823c,1
8fd634a5-5013-4e20-88db-8e5f82d8167d,2
8fe39c70-b39f-4cd1-9dd8-d4a214f9acdd,0
8feb4091-7d40-4aa4-9b3b-0c85e7e8e83b,1
8ff7187a-ca81-41a0-95d3-8c042c9852a2,0
9016df2b-d711-4245-84e2-9c1e928252ed,2
901b8b1e-3826-4f70-9609-9590e744c655,1
9051769f-0704-4d4b-94c6-d7a92b21a13d,1
905bdfbd-104b-4617-98c7-67ef5a84bcf8,1
905feb3d-e1cb-4015-b639-1f1156fa715d,1
9079ffc9-935e-4a34-b17d-2dbfea0f9d4e,1
90896737-73c0-49cd-87ed-e7703d16cd3f,1
9095580e-b72f-42e9-b78d-32b102821ba0,1
90aa4cb9-8a37-49b2-b02c-26432e4d584b,1
90ba63af-ab1c-4e0c-bf97-ae57993c3e1d,2
90c43dd5-e2cd-4989-bd8c-1ec0f7227d24,1
90cdfbb1-b2cd-42c5-9399-1048f80bd478,0
90d96edc-8ace-4d1b-a890-b8713221bc98,1
90e45c67-39f1-47ee-af19-db56105a5e4b,1
90ee861a-c6f3-47d8-9880-d14e774eb185,1
90f29f91-bd30-4705-ba74-a9c8ecb67c52,1
90fa5cb5-0998-4df2-9895-357319fbf484,2
910bffd0-482a-4b93-8b0e-e271edc974e3,1
910c7db6-70ef-428a-9032-27704d46a7ea,1
9112cd42-8e83-49d3-aba7-fbbdb636550a,2
91204bff-ed0f-400e-8671-733a5aa300d8,1
912347f6-37d4-4616-b7c2-dc2be3e416ef,1
9126d9bf-3e21-4e03-878e-cf3fa215597f,1
9130a329-3f4c-4471-92ed-ba2c12fec6d0,0
914b424e-6681-4d2f-a141-22643520aaf0,1
914d39c3-0c28-4bd3-98a0-e88441d831f2,0
919f27dd-c533-414f-b6cc-6d3b77a49586,2
91e86738-f721-4b67-8b01-ec3145f1a31f,2
91f15677-a21f-4c78-a62b-b9b3c7e06c43,1
92397b7c-94af-4e5d-aa55-92de4f42e4ea,0
9241d812-fa8c-405c-a5aa-d1016e1945fa,0
92482cad-ebc8-41ee-bc24-75d128d49009,1
9276b099-0157-445e-a848-8069bc910601,2
927f1a6d-beac-49bf-b59c-927a18895803,0
9296c966-cb9e-4225-a387-15ace80351ae,1
92ae6a29-0e86-4a07-b4bc-a1d1a6da2abc,0
92be9d81-ddd6-4dab-9603-0f02cd92cbec,0
92dc304b-843f-4e9a-9872-27d47179b58f,0
92f4218f-044c-46cd-a342-34fa33a5e7d0,1
935186e5-9b28-474d-90b3-717c789612dd,2
937e5b5e-919f-474f-b51f-4852323f2d48,1
9385fd17-b4ba-407e-8647-12f22b773204,2
93a2ad97-321e-4b89-a58d-c697c5992f97,1
93c030f3-7ae4-4a8a-8be9-0655aa5b4270,2
93cff5c9-8026-4784-895b-fd165316c4e5,1
93f706fe-fd97-4811-9ea1-e32c2abdd709,2
9435a0ed-a35c-4ca3-b88a-a8ea590aae38,0
945050a9-6a70-49b0-9d24-f1bbea786181,2
946fba30-9ed8-4e24-9696-ecc10bb5057d,2
94788360-c1ab-4bd5-aa8c-6772a2c04396,1
94b1138d-e9d0-4d4d-92ea-bbcc4b1ddd58,0
94d80072-4e0b-4aa0-a64f-350900adb576,1
94ea697a-edd4-4d17-820b-2321118e9e35,1
94f83263-c384-4565-983d-f5abd8a7cc9a,0
95040449-9585-408b-b765-62c7a881c4dd,0
9516e0cf-f9e2-4582-93b2-765a07921291,2
951a33a6-c16a-4fd3-94af-d10dc35dadf2,1
951f0517-7510-41bd-9a58-7622c9d23884,0
952f4198-97c0-492b-b0ad-5006a0eb9f37,2
953fecda-3dab-4c4d-a12b-2f3e1822e982,1
954263cf-23ca-41c9-a783-df55a8223378,2
9596eb25-7b56-4755-b49a-7b92df32760d,0
95a7e9d7-f0e8-4d58-a111-4c91ffbce8ae,1
95c9f519-4f43-4a67-99b6-cb39df91b163,2
95cbac0e-91d3-42c9-ba8b-fd2a764f67c0,0
95eeda35-475a-40a7-b170-fc5bf3b0a9b2,0
96728279-d927-4763-9cb5-59175473e088,2
967f52ed-4925-4b77-8e64-f6a367cec71b,0
968fbe20-4cdb-4df0-8ae2-6e9ee3c006b2,2
9699dc82-4744-46a3-adb4-0dd0fefce0f6,1
96b3eb16-29c2-4212-8607-cca643c91cd0,0
96cfc4c2-9ea9-4d12-a457-b3778a38982e,2
96dae500-8ca3-4faf-8ed5-3094563d5815,1
96e6442f-a937-4cb9-85bc-3171974998ad,0
9705b9ac-0312-4110-a0ac-4d4a51bc0cca,1
9709547f-e940-4618-b07e-8fe3cfce2c78,2
9732a72d-1c5f-462d-b46b-1606988205b2,0
974382c4-dcd6-4365-b646-c16821b3c73d,1
978f3f05-30c2-4580-8eed-bed5fe41b608,1
97c69bd5-ee12-4371-aaa7-9120e94d810c,1
97e4627a-6c71-4494-a6b2-10707efee51b,1
97f912b5-dd70-45a5-a94d-a046e950345a,1
980b11d0-8551-4950-b25d-cbd2aa9d03bb,1
982f5178-968d-44f2-a0dc-23194e0fa841,0
9860bfb3-0177-4607-abcb-4f3fe80802f0,0
9866a73d-96b9-4c38-9c27-7786395336af,2
987f9f8c-02b8-41a0-ad2d-429cffbcbccc,1
98be23d3-90ef-4d3c-8231-bc1d60e84d3d,1
98d053f9-8a4e-4c45-9f9f-dca6a6f8cf77,1
98f3eee4-017d-420d-9c35-efe036003d31,2
98fac45c-a131-4cf2-a7e7-d1d0e37c3387,0
98fbe87c-84f5-4bce-b102-3a140516c463,0
9906aec4-c377-4f62-9eee-7fa8571cd916,0
9940493d-fcac-4bde-97d0-75e8c7cea32b,1
99516f25-9475-4cc6-bba6-0abc0cc122d5,2
99614957-0bd9-4736-be9f-e7788c14b022,1
99cd6047-7bbf-4a47-ae49-854aacda2572,1
99f153bd-9f17-4c8e-a6f4-a6a564b0f71f,2
9a00af92-cf82-4a42-8cde-b7e10e653c68,1
9a05ed64-5534-42fb-8353-1477012b4282,1
9a091f9c-1ec0-48af-b3cb-728a73118c5f,2
9a314128-4ffd-47c7-bb88-cf67ba19bba8,0
9a711445-9022-4541-9a65-67331b1efadb,1
9a77c4e9-fd64-4d7b-b543-3446ff441d30,1
9a8a0abb-5e39-406e-b808-8d8c719b69c0,1
9a8ad12e-9e05-48e6-88cf-8fc37c0d00c7,2
9aa4f4bb-c49a-4bd8-ac55-c1212be78f0b,1
9afb91b2-a2e4-4b77-bd10-09862267aab3,0
9b04216e-a894-41c9-a22e-28719e81fbf6,0
9b07280c-6bb1-47b8-b1a9-fa2ce825ba33,2
9b0f44c1-c66d-4fa3-8b2e-44bf32f48f6c,0
9b11bd80-3f78-440e-93e3-c52189a50bdc,1
9b3056a8-8c55-45a6-9e9e-b3eff556dcff,1
9b3230c6-793e-4df1-81a7-643af3bab55f,1
9b39fe86-4169-4b38-9f47-22dda99c4fb5,1
9b7d0eac-6d90-4ae5-a5d4-47e4bd4a4ddd,0
9b90d671-1059-440b-94d5-9449821e2f4c,0
9b9791d6-efa2-4496-87b7-08b0a6cf4b43,2
9ba4e2ca-cbd7-40c6-9ac6-612624c012d0,1
9bc9fa6d-ec49-4292-8666-cd75d090baab,1
9bf74da6-6e38-4c71-9ebd-5e90195f2e13,2
9c2fc107-ae34-441a-9a1c-390e23bfcce9,0
9c3cd9a9-901a-421a-a1cc-218ce8530877,1
9c6004a4-aa6d-4e70-ae21-6e847c59aeba,1
9c6081a3-84df-484a-a3b2-9ce67de72bb9,1
9c70c90d-1754-4deb-b4b6-722ed6c33ea7,0
9c8daed8-ce66-4fe2-991f-b4796165deb6,1
9c9195d2-60d9-4558-a896-1dd46aac3bbe,2
9caa69f6-4dea-47ab-bb0d-e2779d58d9e9,0
9cb19527-ba5f-4637-929f-4907257fa7f6,1
9cb5d201-ca94-4b84-8c96-5c3bc10cfda6,1
9cc751ef-e103-4f7e-96cf-bc4bb85f9f20,0
9cd84222-0459-43e4-b47f-1825b7031d37,2
9ce2d5f0-6010-4e42-9f3e-80d4012d3137,0
9ced3303-9622-4c04-b97d-d3a9daec93f1,0
9cf07c14-b480-4c0d-8456-d895d0dc0328,1
9d013b75-8d26-43fe-93f3-93aa407225a9,1
9d2516ae-add7-4788-87a5-ca833c254a93,1
9d2f88f3-7e48-4303-90d9-85a59a44ceef,0
9d50c205-d618-4534-a039-7cb067f5fbed,0
9d5e539c-e6b1-4fe8-97a3-045891aea2ba,2
9d60b3d3-6417-437b-8a31-ce01fd079d56,0
9d63e6c8-00d5-4b3d-bc4e-0080c867ebd1,2
9d7c829f-9120-4055-8211-fb2e03476315,2
9d85f6ab-0d8a-471d-9ed1-cc329e1b4b90,1
9d86c35f-759f-4612-adee-f9a7702c12de,1
9d8e6baf-855c-4bf9-ad00-94e16c7cb4c5,2
9d98cc9d-41ee-486f-b0ff-6367693c0a7a,0
9d9f6bf1-0676-436d-a997-b3870d0803b8,0
9dc2250c-e14b-4cb4-92c7-bd1211bd12e0,1
9dcdf1e6-d504-45c6-b890-03e9f23ce33b,1
9ddf998b-584b-4dce-88a9-687ad3a61fab,1
9e3839a4-dd85-4430-b8d9-1e996f446f95,2
9e5d4028-0627-497d-8347-47b069ed38ce,1
9e602a45-00bc-4f86-b36c-16d34a5512be,1
9e94556b-14e8-4774-bb53-a04f9eda6cd2,1
9e9a0d0f-7045-493f-a945-3219a5a2d7b6,1
9ebdcdeb-8f5a-4696-b0ae-2110a3ebb4fd,1
9ec3760f-e2cb-424a-a945-62e80bfb6744,1
9eca744f-34d9-4c95-97b6-80ce412d070e,1
9ece7872-c2d2-4e54-ab36-bbedb46d629f,0
9ed0c54d-e436-40e4-bbe4-d94de6944666,0
9eda36f6-1fb5-405c-8c73-d6f19ef96b4e,0
9f39a576-647d-4777-8f47-ef75b236124f,1
9f4f39fa-f060-4421-b41a-11ad5741b4ab,1
9f5683f3-36f4-4eec-8e3c-4c5012c25f85,1
9f7f4341-56c2-4020-8636-5c8afe30162a,0
9f926cd6-23ea-4ec5-95ba-5b7c12f56417,0
9f93cc5f-9b43-439d-97a3-d316d8f1d3f0,0
9f9cf1c9-f962-4d60-9b2c-dbb699ce3dbe,2
9fb8385b-7ae4-4791-88b6-f7f84dd95d91,1
9fbbcd81-fa08-4666-b988-da99d725a4e7,1
9fcd93dd-a6fb-4a57-89f1-bff16f3d1da0,1
9fd5d78d-0c32-4bd7-86a8-bd7fa847c7c3,0
a0087559-a072-44ce-bc54-686ca25a731d,0
a018f257-2b6b-4896-91f1-95ba96ec74ab,1
a01b6949-4c26-463c-b113-d13954a19073,1
a01c67b7-bb2e-4be8-b3c0-72904306da32,2
a03e7fe2-c709-4a78-89b1-0b16a9d49a39,1
a047dafe-ab22-463b-a766-f268e4477aa2,2
a04e744d-fdcd-4b96-9e5c-021610c8859d,1
a052cd0a-d9c0-467d-a4ae-95580a719a81,0
a079cb73-37c0-4d84-88c3-74aa40439e84,1
a07b272d-fa65-467b-b80c-cb6758d94346,0
a08b96e7-954e-48a6-8634-78b43b2dc818,0
a0926217-b445-457e-b3fe-cd6130dc2b58,1
a0f6d0e0-70fe-4497-88b9-1ff29510ce4e,1
a10f7a8e-1eec-4371-a6f7-5940a4e549d4,1
a1648921-bf28-482e-8d3f-ca05ede26149,2
a1795cc5-9256-4ce4-b991-902e6db3b0fd,1
a18decd4-55c0-473b-835d-dcae8328fa41,0
a1b6ff02-9345-4502-aae6-f763bffe8457,1
a1ebf3ff-aeb7-4609-8c68-944671c5321b,2
a1f5a8ae-6df0-4f65-a7dd-02085bf71d21,2
a200e95c-5bae-44a1-bb00-caca9b163ab3,2
a226db29-0242-4c7d-a08b-e30d02e155ab,2
a238e59b-992a-436a-bd6a-107c2fa0b3cc,2
a25f4123-ece9-4575-b70f-d695eedaeb1f,2
a26b6e60-3bab-4c95-8b2b-65f856a95a01,0
a281ff60-eece-4fd3-b447-70895eb00171,1
a2e24903-8ab2-49b6-bdff-6a7b8b00fa60,1
a2eb5586-d909-42b4-94a4-bf7d23da0e5a,0
a2f2e8e9-cf7f-4e5e-8dcd-90f7a39b508a,1
a2fc7bcc-49f1-4808-916d-03ee84215232,1
a326bcd5-3323-4c39-9ba7-61d09a76bed5,2
a34716f6-37af-46c4-a128-b88fd04976da,1
a35237ae-0b16-4a78-b348-15ee456e3432,0
a3784497-2fdc-44c3-845e-c9374770ffdf,1
a39ca281-b8b6-4866-87a2-83eec2cd5dc0,2
a3bfa2c1-49ae-486a-a602-498c93cf6a41,1
a3d69e73-6bad-4fcf-abfd-e77b86dfc4a4,0
a3e3ddf2-1eb6-4922-82e4-8488d0e56018,1
a3e8a45a-d0e6-4fbc-94f9-0191d77317cb,1
a3f1c575-d4b3-48f0-8578-959a943ed8ab,1
a42ebb24-09c4-4426-ae05-3b7fa2135a90,1
a430e581-860d-47a5-9e19-918f88335e12,0
a498196b-5ba7-4eed-bd82-a2498bd0d97f,2
a4a25174-cc8d-492a-b8d7-a239622c7f3c,2
a4b48f48-6b65-47b9-8f97-7878f774dae3,2
a4b8bba5-e09d-4629-adc0-7829eab5da66,2
a4ecc9c4-ae93-4414-af1c-8f3b96ad1fb1,1
a53488df-d432-4888-b7cb-92489c4a4cea,2
a5998193-8292-49ef-8cb6-54a537c4abae,0
a59d76ca-7dc6-4b6e-8948-d8fd68ddcff0,0
a59fe423-5549-4fca-a0d8-74cd931a1ec9,1
a5c7e699-dc46-41c6-ae24-7011d10e363f,1
a5c9daf7-3285-4f02-971b-8f696c9f392b,1
a624c0f0-9635-43b6-b839-f4bee2882e49,1
a68a4efe-9848-4d0a-83b1-5fd9f8125540,0
a69f6f72-15fd-44e5-a544-293016668667,2
a6b47af1-688e-475d-bb05-fe820a86b78e,1
a6f4e0de-1830-457a-93f7-f130979c6923,1
a70588b0-8a3a-4d29-8a16-391e52629436,1
a7216814-fde6-41bf-9f2e-8892adca1d33,0
a721fd15-203e-4321-927f-52f4afb98a2a,2
a78a18af-f37f-4194-ab03-00f3c41ebbf4,0
a7997ee8-f84c-493e-a67c-0ea792dcd037,0
a7f0728a-0d70-4f51-9226-9163cf491b13,0
a8015d69-aa8b-492c-890b-f9f0f9a932e7,0
a8059a51-951d-4cd9-bf49-9d4ed609de0a,1
a82a284c-2860-48e7-89be-edd6ce2c977d,1
a89ee1cd-f0bb-4dc8-9a99-27cc8e2fdf63,2
a8a7d7fd-ef51-45f2-acb9-662b4d9c6e93,0
a8ddfd54-d6a8-45c8-aac8-6e6d2681edf9,0
a8fcf2be-8d31-4839-bcff-a91370e37da0,0
a9005ec4-b20a-440e-b9ad-d4079dcbe20b,0
a923d847-1504-4946-bde5-48e6c5f8f7ac,0
a935a72d-89a2-436b-8378-928e553a389f,2
a9401d28-ca78-4180-880b-4c90cf14ee03,1
a942f978-7581-45c2-9487-20b610465c7f,2
a951e955-8853-4643-a9b3-415fc6502bb7,2
a97d1837-e3ce-4f57-a9ac-5136317cd132,2
a992c5da-64fa-4738-905a-e459625eba85,2
a9ec4959-b7fe-471c-a73d-ac31acee0161,1
aa19b0f3-5c57-45cf-9bf1-1538156b1819,0
aa2257a6-acb5-4019-88ae-f614f99ab0ed,1
aa394d4d-9441-4031-b744-f76b7c63f40a,1
aa3dce5c-c828-4521-9947-b7ddfa9d1312,1
aa73f3f7-4cea-44c7-9282-3d2019f457a1,1
aa867005-a911-412d-b3ae-7ab3e8ab61f1,1
aa96b026-349e-46e7-9391-421286ea67ec,0
aab17519-83ee-46d3-8d37-2bfb34b009a7,0
aab5ac17-5ecb-4005-9918-6f20bd554ccc,2
aae189f3-d3e2-4810-a343-751867547a66,2
aae851b0-f281-45b5-ab53-8f1c3549659e,2
aaec266e-88ae-4b83-85fc-51948f936721,0
aaef2324-0295-4751-9945-ab74d9d0b23f,2
ab4f89e6-68e7-4ae3-b5b2-4d15d8d003fc,2
ab770f90-3dea-4be6-8218-450d9fdbe6c1,2
ab8d64bb-5e04-4b7d-92ba-31d61d6ca7f8,2
ab8fcf33-2dbe-4c36-a21b-f9373022f304,1
ab918dae-77f3-4f12-95b4-e58292e9f1fe,2
abaf746d-043e-4881-b5da-7082348ce615,0
abb40f49-a310-4ea5-ba6f-42da39baae33,1
abe7af99-57ff-4cb1-90c4-32ca9b3910eb,2
ac2563c9-3a15-4ba5-a68d-c685fb1de324,2
ac4d52d6-cacc-49cd-a0c9-8cb4a8677ee6,2
ac575b47-963d-41ca-a30f-317fdd2ac1ac,1
ac65a52d-2843-48ee-808b-a2dabdf441f4,0
ac6914fb-f05c-43db-900c-69db1169ddb2,0
ac832719-636f-491b-ba55-ee118fa40b4c,1
ac9b9291-5170-4603-b2f1-02a2ad04c02c,1
acd317a8-2f6e-4e4b-a225-80acece777c2,1
ad146e38-7c65-427c-9028-17a2ed3c1f45,0
ad3bb8db-a6ec-4cab-b9fd-443d6747c1cc,2
ad4df801-aa9e-45f9-8fad-9abfe4b9c7b1,1
ad4ebb9f-f41c-4c98-90c3-d1bf4c9a8875,1
ad7c413f-cf1c-4067-ade8-c66806c0babc,1
ad84da7e-cd97-413f-a397-7f953e8723b7,1
ad908c93-dcf6-430c-821e-a134649a859a,1
adafe523-992d-45dd-8b68-ad0a7eca4456,2
ade27c69-2685-4c6e-96ef-d4173801fbbc,1
ade87a38-e101-4f16-8cb4-916e17c96650,1
ae367190-0536-41f9-9b70-2fbe64ee371d,1
ae368993-8943-440c-8b9b-de22095cdfc0,1
ae38f9b1-c72d-4ebc-bd69-4062fc716980,1
ae7aface-3a67-4e4d-b82c-c7a3eb4d2402,0
ae9bb62d-6c4e-4e29-81e4-c0c23f4ffea3,1
aecd0ac4-4377-4e9a-a462-b89d593295d6,2
aeff18c9-47aa-4e89-b4c0-8dd86bad66c2,1
af278af6-67e0-4b7a-8f14-1d8c422f84e7,0
af4a2588-682a-4926-ad16-84c64be10bcd,1
af619963-79e3-42d0-9500-4944dbb190bd,0
af680e7f-970b-4f8e-9adc-8480acccfe2f,2
afbb9070-c5d6-4295-aeea-d35ea8f0359a,1
afc07d9c-2817-4b37-a39c-f916f319f0df,2
afe1c8d4-b4d2-4764-b930-f8bac5164130,1
aff56030-eb90-4e0a-a361-2d973e371f60,1
b008ed64-212f-454b-b5d3-c3155f0538c5,1
b03a9c48-7aa2-44b2-a4b7-5430ae50f584,0
b04e8525-04ce-4b63-b61a-5a0b9fd915ca,1
b052118d-f9eb-46ce-8484-2adb2cb28819,0
b05aa544-aa16-4e02-80c8-66fb643196d4,0
b0614fe8-9e5d-4c7e-a38b-5c3845938b74,1
b08d534c-36bd-4a5d-8db3-49c6987a1d65,0
b0cd85b2-38a3-4bf9-aa3c-eb9a1e4745cd,0
b10dbc86-e23c-436f-8edb-79a5bf8d5a72,1
b11ad368-1e94-4986-a557-f3b0303e7b76,1
b14d408e-a492-4895-a43b-977f56125b9e,1
b14d8fe6-4f36-4775-a1af-a4076116b45b,0
b165a345-7aea-44a8-bf27-b7d81da6344a,2
b18045a2-3c2f-431a-a444-3a66755a3d40,2
b1873085-e565-478c-a432-3fadd1912460,1
b1becee0-9fc8-456d-9e66-25884fb41344,1
b1c6e6ce-5c78-4949-9d09-e72835e81c63,1
b1e7c05e-f204-4c21-abf6-f84613b32028,0
b1fa471d-4dac-4dc7-b1ae-1ef81f058da0,1
b20c9ee3-d281-42bd-88fe-187c3f50a8c3,0
b22c1598-32d0-4190-8ba4-9bff3df3d7d5,1
b22f6e6b-8406-4555-b00b-d85b74cd80bc,2
b248382e-fbd7-45bd-a6ee-1b9cd5bcf641,2
b24a296f-19b8-4ea3-8290-0d5cd803c737,0
b27d6000-81b6-49be-b469-d84f0487ee07,1
b293d366-3428-437d-8610-aefc4e622c3c,1
b2ad7b39-e3c7-4564-b2c3-8da3f208fdfa,2
b2bd5ad4-169e-41d4-aad9-33050449a215,2
b2be65dd-7faf-45d7-9468-77eaa8e949c6,1
b2c892bd-ee19-450d-a777-20715878dc99,1
b2dda466-a7f7-4624-a575-a6482f17a4d4,0
b2e7d58f-f6a7-410c-8c61-1d587afbcff5,0
b2ffff14-1774-4000-a0ff-2601daf2bdd2,0
b319ac91-5d8b-47fb-a7fa-19c94db6ae77,2
b3754e15-58ae-476a-8a1d-44c340d6c354,0
b3c49ef7-03ec-4024-b67f-0f381811fc03,2
b3e10dc9-6567-45e3-86fa-2e1de64c99fc,1
b43142c3-c82b-404e-b0d8-53fa8a86238f,1
b43efaab-d982-492b-bcf2-532164cc1478,2
b459a6e2-0227-4f55-b9e9-55849a7768d8,1
b4679667-ef7c-4381-a63b-57103facf390,1
b46da6f7-9efe-41b9-8595-baaece4ecbb2,1
b492f591-24af-4483-8487-a7ee9e7e78c6,1
b4b07dbe-60ae-4633-a41a-808d6d2ccf3f,2
b4be4d84-42ad-446a-9b54-b0e245dfd309,2
b4ca8680-eb2f-468a-8a13-cb5f2a402b51,0
b568cb0f-343b-4c40-b7db-52853922e9b7,0
b5710ea1-fabf-4c73-ae24-4ed7f3a0bd40,0
b57ae3b1-5bc1-4603-83e0-6796f97bc302,0
b58b56e0-a482-4931-bb27-7f8d0f09ff73,2
b5915a11-e713-45dd-9a1d-b7a510fb873f,2
b597ed11-c1b7-4182-9eca-854476a910fe,2
b5b18c17-4a59-4a15-95fe-94f02a251d46,0
b5cf23bd-e9f4-4f30-8ae1-2d1245bc58d1,2
b6076705-7b31-4187-bffd-ef7212cdabf7,1
b60b4015-fb2a-4764-ab70-fc7653bc73f6,1
b60bde57-d517-416a-a9ac-e5a9c7dc908d,2
b629cb18-de0a-4ea0-a119-c1ce23d307f1,2
b6318632-506f-458a-aa36-b83794109014,1
b6358a3d-9128-47e2-9d7c-cf04aa843c8c,1
b63f36df-d6c3-4ec9-83eb-4e0466c0f272,2
b643e021-acc2-42b2-9349-ce2b81aacc94,1
b64a0016-e37d-4b13-84b5-7ff9e44e59b3,1
b670c85f-d6ae-4233-823c-5f2cb711fff0,1
b691a140-5f29-4855-9b41-aa6a47405c4f,1
b6cba2b9-30ac-4d97-95f9-0adb7610138c,1
b6f01667-83c6-4ff8-b61c-17fa8d605635,1
b71e0b21-b77a-4495-a9df-055d802a1a15,2
b733f035-2b7a-48d2-b2e6-56994e97ab32,0
b7361fbe-7293-4391-9efd-fe5fb5ee9d95,0
b752a1e3-e3a0-44c3-b1d3-e5d68eac07cf,0
b79c78e9-c434-48a9-b8ec-a68a4d8b3355,0
b7e60d07-7283-4e27-add0-baf8187bf426,0
b7eed7f7-516a-40ec-b07b-74ade83a9b76,1
b7fc5550-1dec-4c66-8ebe-970bbfb8ca01,2
b8105755-89ae-4191-b248-97e8469b5f80,1
b83340f0-1fd0-4a10-9eb6-0c98cd55e990,0
b88d26b6-fd0b-44eb-a935-1b6ac98a3dd6,1
b892c5e0-abf5-43c1-a7a2-2dc4b564f435,2
b8952572-ac23-4270-bd3c-ecb3e35fa42d,0
b8b39a17-f33e-46ca-9a7f-ea79009c9b6f,0
b8b6dcd1-bac5-4b8d-8333-10fe9c41c323,1
b8bc1ee5-f414-42d9-a1f5-bf5b6c63d71f,1
b904b210-e1b6-4e99-8cac-4199d95563de,1
b9062c81-9e1d-41ea-9473-518f2ab3302d,1
b92b3b45-7af6-4d29-b097-d4eae98b12ee,1
b9560710-c4e5-4975-80d7-ee57ae8ba202,1
b9780a33-2ab2-48ff-bcd8-1fa37b5555e5,1
b98f2859-a1f9-49d7-9050-c586835bdd7d,1
b99efdbb-1143-4c66-a51a-89103cde0493,2
b9b4b6fa-5ecf-476c-bb93-8bdd3d9eecb8,0
b9c789cd-bd94-475b-9e9a-faa6ed0a6ed3,2
b9e99bd3-9612-40c0-886a-a351e7c5146c,1
ba0f0fa0-c0cb-4de4-a1a5-63da3570fcd9,1
ba156741-6798-4fa9-9ea2-07663c6db10f,0
ba1ba32f-25d3-4602-983c-5401eba851ac,2
ba24e908-d6d5-4a86-b4ca-159bcedf5f7e,1
ba28ab29-1622-458c-9d43-b8ad70b8eb10,0
ba4cda87-1965-4b59-bf88-dcf424b42118,2
ba6070cf-6e3f-4967-beec-49c05bb36fba,0
ba956c22-5f2d-4559-9536-4d9de8234fef,1
bac9154c-43e9-46c9-8c58-6637cd1de2a2,2
bacdf142-336e-4244-9e98-5de61b3fb6e0,1
bb2c9341-3c48-43c7-be1b-fcb451ebe853,2
bb8fb613-4484-411f-ba25-cc3e67997c1a,0
bb980e53-403f-48b0-a3a1-ebe786cafd43,1
bbc54de2-83cd-462a-b755-343fbddd13ce,1
bbce4f49-dc2d-4af0-ab98-142fa0c499bb,2
bbe29bf4-30a6-4891-ae4b-ee65958057d7,0
bbea0888-e4a9-4c48-86aa-ac3b1597fd50,1
bbfbf040-d7ab-40ed-a1a4-80c954099c56,2
bc255d4e-dfe7-4f03-ac4b-30053cd6f027,1
bc568eb3-0824-490e-b6fc-f25d5889821a,0
bc61c470-21cb-47ac-b62d-2ccad19c8885,0
bc72aa92-d556-401c-8eb5-4bfe51388a4f,1
bc8eeb4c-f5da-411e-9e8e-dcd516a65849,2
bc94725d-7ddc-4d35-9e62-056ecf0f5583,0
bcba674a-a21b-43b8-9cee-1cf598e0e972,2
bcec9ec4-bc73-4883-a2dd-dd574a44831d,2
bd1d8a45-b343-4def-9a2e-51497dc49768,0
bd3ef592-f6f9-4d4f-857e-32aac946444b,0
bd9f502e-81b9-4963-b57e-2da429e564af,0
bda1cf15-f9c1-4a98-a66f-8964eef78570,1
bdb7ff98-554e-4edb-92ae-728a845e7372,0
bdca7213-fd45-49b1-918f-d363884d7272,1
bddb9d45-b670-4520-8fab-830c9c345f4b,1
bdf047e1-4415-4a21-b693-83ae4075ac1f,1
bdfe318b-a9ad-4081-a04b-173c4b1480c5,0
be0057b2-b994-4e66-bf17-6ac829761d70,2
be18c9c9-38ba-4bbb-b4e3-1797472c76ec,1
be216737-d1db-4bf9-9b3b-04c6e5e5bc04,1
be21b942-4c23-4e7c-9ba3-4a4de2166422,1
be2220d8-4c27-4811-af62-cca266647d8a,0
be49861f-da03-43a3-9ddf-55e12362e35f,1
be5c2db0-bfa9-4622-bf3b-3c11cb5a1af4,0
be6455f5-8813-4cae-a9ba-de06cd1110ec,1
be864990-f9d3-4d9f-b9d0-6dd04ffdb88a,0
be9a8cb8-04e8-4bea-a205-cd6799a85d72,2
beb24ae6-bf30-4d97-9187-43661d4773ec,1
bec65d65-6aff-4c06-9771-2ca08697acab,2
bed3fc1d-2d11-48fc-b71a-8d3af8296525,0
bed7301f-be11-4b52-b338-41b43016ec83,0
bed7683a-2838-4d11-9f4b-f1e361d97496,2
beda3a19-062a-45fe-a818-3068badb22c6,1
bf00b9a7-de30-4943-b7cc-a555d874b9ac,0
bf1249af-0f0c-4e2e-a0a5-6903ee6f05e6,1
bf4f7e41-0505-45e0-8201-a718385769ef,2
bf53e24e-2398-4094-aab9-5c262151d93e,2
bf6b6b19-fe50-4023-890b-5d10121e78c0,0
bf777c98-cfc0-40b3-81fa-9ff76953cba3,0
bfa61585-f57a-46df-9362-6fd5a47f0030,0
bfb704b5-ebdd-448f-b8cc-5d002aff0fbd,1
bfba2951-ef2f-4179-ab1e-ca4b965167ec,1
bfc0a429-4bd8-4910-abf6-87ea11bfaf83,1
bfdae4dc-19fe-4e3c-8502-1d05594988a6,2
bff87104-12fb-4c01-8c0e-ea02d43b64be,0
c026eae8-5923-4784-9202-40aa854b6664,2
c0374654-e0a2-4278-a456-cdaf8f91127b,1
c0413168-c633-48f8-9ae0-571979f035b0,1
c0426812-c3ff-47bc-9c92-347491a870ee,2
c0490e2a-095b-4199-ab5d-9dce907591f4,2
c0495da4-5009-43ab-8028-1c4c34570bd2,1
c04c7e0b-f064-4694-85a3-df2d62e8a684,2
c0570813-8936-4d02-9858-1f064f0229cd,0
c071730a-eab7-4fee-afb0-8909c5205a18,2
c0743d4b-0a4e-41ad-bd68-c96a4da80417,1
c0807ed7-20a8-45d2-a49e-d2836a3ef937,0
c0af0163-5e59-4266-82d3-7433b098296f,0
c0b124e7-8397-4ce8-9651-80306ccf4878,0
c0e6510e-0ce7-41d4-90ec-9b67359b43af,0
c0e746bc-915c-4b9e-9386-b0f76186b3cf,1
c10ffed5-b09a-4325-9b53-1a08daf69f07,1
c113bce8-c6bb-415f-a73b-dd075ebb4cef,1
c12c98bf-3a55-4ca0-83a8-7e3f4b0676a8,1
c1387ed9-bb04-402c-8df6-2772e98ab28b,2
c13f87b9-3630-40ee-85f1-21952ddf7b58,1
c18bfdd3-16ac-4fbc-81ee-ee8409598841,1
c18c8600-c11f-44e0-a11d-92a05923654f,0
c1b2df06-8680-497c-adc5-ec5991b22b6c,1
c1bdccf3-d4e7-4f58-b140-65b9438573ee,2
c212ee1b-4f13-4ca2-8d7d-c5db09a8bf97,1
c23d122b-77bc-4e06-87e7-7bcec08704eb,0
c246e3d5-714c-4564-b4d1-ec1da6ec5fe4,0
c262a230-0135-4853-b75e-3a7a9c2508e3,2
c2660170-5562-438b-bd61-f972ebb5289c,2
c26dadab-087d-4099-83a3-0bbb86d09022,1
c28f9def-0a6e-40b9-a3a5-9b424d290575,2
c2bbf587-30f4-4656-ab3c-d1019699d7dd,2
c2d2d074-24f4-4520-8aa5-b6104636aff2,1
c2da6a9d-bc47-4a37-a405-d540ee4b4efb,1
c2dc25c4-73fb-4326-96fa-8d4491a09a55,1
c2e148a7-accb-4bf8-8252-0af9be3e1ba3,1
c2ef121a-2153-4a57-973d-b20485f82502,1
c317ca8a-a764-43db-9715-c3311e5f22b6,0
c32fd7d1-d15f-4c7a-9606-889b852af2dc,0
c3401c92-2738-4ce5-a1f0-d6a66f62559e,0
c36747cd-32aa-4172-9a2b-023f3c276faa,1
c379c733-cba9-4aac-ab40-522f5c7f2f07,1
c381a39a-5598-43fb-afed-092ceb6096ef,1
c3873b54-e7bf-409c-8732-9ac59e2a867a,0
c38e43d6-f29b-4ee2-a30c-67cad1c0f98e,2
c394c1d6-7820-4cb0-be74-6287bbbf230c,1
c3bf391d-f80e-40ee-b485-b55f3093b33a,2
c3bfca90-175a-4e77-8bc1-bece4b7333e4,1
c3c3066d-8b28-4d8c-8899-fc48014c9468,2
c3ee1907-238f-4303-95b7-047ed468dfc4,0
c3ee95b8-f1c6-42fe-b501-5a05403ae71f,2
c3f66226-f4c4-4078-97ee-ceddf5213e6a,0
c3f68e26-db37-402a-9bc0-f37b00432eab,0
c408e304-4095-46ac-b692-a4e2a896711a,0
c433f56c-ec81-48d4-a716-b5275c31b3ec,0
c4493e6c-5ea2-4779-a7b7-7e3d463b1701,1
c454cf12-6847-434e-b356-662b8dc421b7,1
c46a1a56-618c-4ffe-b3cb-3d7d55a62d88,1
c46d3c12-c63d-4b06-a41f-77da4513a048,1
c48b87ab-51b5-4c37-9771-ef2ebcd42aec,1
c49c3d1d-8ea9-4959-b477-3ce291f84773,1
c4bcf2ae-1ac3-4bbd-879b-71a0c70b3457,1
c4c46ef7-c3c5-4b42-bf0c-93d51147afdb,1
c4de585a-cd63-4da2-b1f2-4b515ded0a7a,1
c4fd4237-aa7b-424d-abd8-65cfd581f960,1
c5040b4e-e6ce-4d0b-90b5-45929e47d9c5,2
c518c7ac-309c-47db-a77b-bc27e631b7e3,1
c51a2420-c768-447b-b2b2-70573b46bdb0,0
c535ceb3-e227-4391-83a0-6430aa0f5fd6,2
c53a4ab7-dc0a-4be1-b5b1-1ac3fd482476,0
c549f2bf-f820-4d4c-87c4-c52f18205e81,0
c55c84e5-2f4f-4510-a5d3-1c0106d4b3fa,1
c565ee43-318c-4184-ab9a-c64a2127819f,2
c58ff9cc-5df5-484a-8300-725f525aaed3,1
c593e4eb-8e84-4ec5-806a-2b952725a8d2,1
c59c1bdf-3a08-4717-8584-6613c5e88e6d,0
c5a70c6b-bf49-4e86-be3d-955a472b021b,0
c5b0e4a0-1a3c-47b3-87f6-3fc4910c2e55,1
c5c3af71-62a2-4785-980c-75e493276586,1
c5d55ba4-e782-4d12-b34a-26b164b1047f,0
c5f82008-770f-429f-aba6-e3bf6c8f0dfe,1
c5fcb624-a8fd-4048-960b-4337c7d4d213,2
c603d2f1-8052-4d0c-b531-eb74c4ccbdd1,0
c616b741-f0ff-4858-9259-797780070a39,1
c61a2e18-dbf1-4370-acde-83f73abe0a2e,1
c64c947c-ebef-4919-9fb2-6e5691e0f11d,1
c6623988-b7ea-48c6-878e-c7b24135d046,0
c665f7de-15c1-4031-be8b-18f9e7df28ce,1
c673dbbe-99ac-44ca-98a6-64fd70ee9faa,1
c67ba5e0-53c0-435d-a1ac-07c0f8f5fab8,1
c6992834-60f7-440b-b399-92f6592c2f24,0
c6c8029d-7993-4d49-8596-d19d8a902811,1
c6e0ed0c-4ca4-4bec-b362-5d1c7de324ad,1
c6e7c2ef-2f1f-4631-ae40-3dea3b3fb132,0
c6ec8834-4c40-4cb9-9d6a-d26d8cd8b970,1
c6f3fba3-5bbc-4b85-807f-b3eae7262d33,1
c6f57abd-4f6d-41ff-bc20-5f2046c4495b,2
c7012f9b-9c3f-4d79-b9d4-6ded99ade047,1
c71a7b01-93a8-4f6c-8ce1-f8fb36ae69b2,1
c74a9cb9-98c0-4114-96d0-1cd7f7660551,2
c7844b93-c15e-4250-ac63-f9b56aca40a1,1
c79c1112-95bc-4726-8f0c-b755f49ae8ef,1
c816e49b-d3e2-4e3c-b6f2-35df69235eb0,0
c84d7ac0-9029-49b2-b842-8c615705c6df,0
c84db95e-c293-46a7-b4ab-93a70f4a9a98,1
c86174da-9150-44d0-8331-726782baa540,1
c88350ed-35d9-4828-97fb-0bd56a5cdf7b,2
c8af06b9-338f-42d6-9567-c1394c4b377c,0
c8b0f9ca-361c-49e6-a77a-00e661ef3585,1
c8d5c09a-4c26-45c4-b1d7-773f50a8297b,2
c8df751d-8101-49e1-b82d-47568ad9574a,0
c8ff7722-8811-4a9b-b0dc-a020975772b2,2
c9110884-837c-4392-8a4d-c96017270fe2,2
c91f1ac8-e5a3-4157-a39d-bb411510bed4,1
c93120c1-d1ac-4f4f-8513-e85e49c42bfe,2
c9324327-1222-487a-a943-cf2d330feb02,2
c93b3296-1781-4b15-851c-20b3d1cd798b,0
c971ac92-240a-41cf-836c-2646a5b251d1,1
c9adaef2-0ddb-4d36-8195-d0ba76a842ba,1
c9bc923f-1ba3-43cd-ae11-3f18bdea76d9,1
c9d76f72-f089-47b7-a3c9-bf6dcee3a619,2
c9ffd510-1014-4139-b0da-4088d43c4cc1,1
ca169bda-add0-4c1f-9dfc-905fb5a90278,2
ca642069-578c-46cd-b023-1678a4127d4c,1
ca91da42-c539-44a0-82ac-75b1bd87eb96,2
ca928d2a-c67c-47a2-b5c4-b9f7ec2f6792,1
cab22093-72ee-4c1b-97de-99dafd75fc3e,1
cab2c3a0-ef64-495f-ae80-353741f37afc,1
cab7aa50-5fd9-4477-aca0-ce5e1d8bea97,0
caf39307-9556-4485-b019-6c8a40c5aaf1,2
cb173804-8255-4ae7-bced-59ba7eaba8b7,0
cb4d0bc3-b137-4824-91a6-4ade8114aba3,0
cb631343-3feb-44db-923d-ae4e169bbe0f,1
cb772ee7-2d2a-419c-b773-af8c0335d5ab,1
cbbcfb51-ae71-4e56-bbdf-08c0dd4395ef,1
cbd02638-a130-42ef-b7c3-6f1427fab122,1
cc03069b-8c92-4c1a-a269-cfb6f10a8eb1,2
cc08839a-81a8-4edb-90f0-a4bf8528f5b1,1
cc524d4e-3e21-43f6-9690-d1f6dd7f0688,1
cc70af80-f838-41f3-b0ec-aefba583d840,1
cc929dac-1731-4350-ad64-d0e67371628c,2
ccd897bb-299c-42bf-aff1-e5dccb4abd98,1
cd00d7ae-436e-4743-8542-81ea0d06fbe4,1
cd12d001-7b72-4167-a32a-37cca07a77dd,1
cd15266e-77a4-4716-9725-2f43a0b4c523,0
cd23648f-2f17-4ef2-9e96-a8d92ffc465f,2
cd27037b-69b9-49b3-869c-2fdab3b5d808,1
cd3cc38e-5755-4706-8536-86c49264d708,1
cd5b1c7d-8bf0-4630-91db-81ad4c0323e7,2
cdc4cd18-03c5-40e5-a11c-b6758ad5e885,2
cdce3d17-ce93-4438-b82a-a9d0679b8818,0
cde06b5e-c1b7-46d8-8709-ee8b1ced3ed1,0
cde9be24-044b-4454-8a23-9411517cd28e,2
ce141828-c89c-48fc-94f1-0654fde6e913,1
ce4c3680-3abe-4af2-bc5f-48eed97d05fe,1
ce78406a-c03e-4a88-a983-34ea7b7c3225,1
ce7ad7d3-0e66-4695-8b65-80b005f41772,1
ce90a5e6-25e8-4e3c-9411-0e1be776aff6,1
ce96af9d-1c4c-421f-a73b-b66a6b8386b6,1
ce9cdb80-606a-498f-b373-40856345653a,1
ced336ce-699b-453e-a65a-31dd46b5632e,1
cedc7a76-2ab5-440d-872d-ac9b4329f7b4,1
cef3b1c1-81d4-4596-8d3e-fa00aba0c645,1
cef3c4b7-5918-4c62-a156-acf2b3f8311e,1
cefb3a83-b69c-413b-9fa4-ae6d5d75c3b1,2
cf1f23f7-37b8-45e0-833e-1a2d4a1136fe,1
cf269114-666b-4cf7-abd6-021bd50a7188,1
cf4944fd-e46b-42d8-91cd-c75e1d6e8986,1
cf5dffb4-5523-4224-82d8-9737f6fedf0f,0
cf76d28c-72fa-42f0-bc34-1f3a7d9e822a,2
d014c4cb-d958-4482-aa03-ee9f33333c59,1
d030eddd-c19e-45ab-9911-bbb2ac5684d5,0
d07f3fd1-5ccb-41f3-a6f3-f32a7c20c25c,1
d0bae115-b9a9-4cbd-946d-99c42ad28c95,2
d0e1f735-20d3-4fc2-b81b-e9232cce2eb3,2
d0e29725-288f-410c-ad5b-6a411dc5b16a,1
d0e4ba7f-fe46-44b9-8b2a-bdf3ce8efff4,1
d0f01713-b472-448c-81e0-f7fce7574cc7,1
d12a4e12-7943-41d8-9cd8-4830522f9d7c,2
d152b518-fd30-4923-a504-14075c84c047,0
d173287e-567e-4904-93b9-b0ef54f6f70f,0
d1882492-b628-4b20-8c37-aae6801074b6,1
d1954b28-9ea1-4b49-9c4d-3ba4d4f52a8f,1
d1965fea-595a-4d5b-9075-3a6ee2ee0e08,1
d1a395b9-e134-485e-bdf0-3b398dc2450d,1
d1a9aab4-a9fe-4bef-bbff-03ea1d7da2f5,2
d1b32811-2660-4c66-b3c6-ab1aad07db5c,1
d2444f59-6874-48de-bd02-93f923d6103d,0
d2551565-18fb-4786-b76a-0fde41e59a6d,1
d2789bcf-570a-42cd-a892-34084e40a72c,1
d28bd275-0a8a-49d1-bb74-30401ad7a71c,1
d2daec8d-0ea1-4eb0-b0e8-b70f10f99dcb,1
d2dbc1fb-e4e0-49bb-80a9-545181205659,0
d2fddae7-194f-4266-b047-967781749043,1
d30846b8-c91e-435e-a74c-373941a36f33,1
d33b7e8e-31c0-4eee-b24d-f028e3748300,2
d34bcf80-ebdc-4930-ada6-db2d3da74e09,0
d35a7994-a4fa-4ade-83b7-a6fbadf9511b,0
d38daa9c-f429-41e7-9e72-f82aad4b49cb,2
d3e6c47b-c502-4db0-97ad-fa3c64d46721,1
d3f8812f-a8e6-48bb-a08c-b5d11416d8f7,0
d4097e5d-37d9-4dd1-88cb-bc7c0317f817,0
d43e4699-ae45-4257-b617-95de2732e624,1
d462a503-66f6-4695-a98d-dcbe3c5249eb,2
d46b4eac-63c2-4301-92e0-accd43ff1cdd,2
d47e99da-65d4-4a69-8bf4-b2ea59c6e874,2
d48647d6-58ee-4609-b318-7738f3b9d963,1
d4a95318-a297-461e-9734-8334eb9d050a,2
d4e3770e-5e7c-481e-84d1-ae939d9b553b,1
d50c7b92-7448-42d0-8851-1e7198269a56,2
d53de2e5-210e-46c7-8a14-8cce18eecbf2,0
d54a9534-6ef2-446b-a50b-7243ea6ce95d,2
d573348f-947a-403a-807c-9ba6561009cb,1
d5c06534-1e8a-4f89-8397-87ec61e1b780,2
d5dd4189-163e-4748-972a-df6183685c4b,0
d60209d6-3645-46ff-bf36-bb301dddf219,2
d63c703d-0ecc-4537-9962-593baad2db1f,2
d64d518a-2ad8-413f-bbd8-49ad83dbfce5,2
d658d435-cd9e-44f8-8e13-e8b44c3c3e16,1
d65f8d3d-6456-40d8-8cc0-69d775f867e2,1
d6b98275-18c2-453d-af2d-96474616b297,1
d6f894af-ad91-4f7f-9810-2a774c4005a2,1
d70b015b-3014-4bbe-8aaf-ba20c03e4460,2
d73aed69-d34d-4c37-a4e2-c4657c53d3c9,2
d77928b0-4647-4900-8a3d-d418bd3d54fd,1
d781e040-d695-4d11-9312-e30a944eb392,1
d7c008fa-16e3-41a8-86ef-69fc801a1be8,0
d7cf2c5a-08cf-4c7d-bbbf-b4e57ad628d5,0
d7d7013e-6029-4098-a343-1858966e041d,1
d7d9caaa-e71f-4596-8d93-7d77ec6d793b,2
d7fb0298-e9c8-4b98-8ef3-057a45b2f0c9,2
d8124c99-7a29-4fe2-95f4-626fec16219b,1
d82a0391-33b7-4c5a-8e8c-d297d3f1fe39,1
d82f545e-b649-4c2a-9903-0a536ba9c195,0
d83929b4-e123-4777-aaee-913a5ccae4ce,1
d861ebf4-b21d-4665-a125-3a9e5c96fbcc,1
d86b35ef-fd8f-483d-bd89-923085c1ba49,0
d8713d7d-f031-4b05-b85b-7139942ac90a,2
d8c88d74-077c-4269-b12f-e09c2975b778,0
d908a5f0-ca96-48fd-a919-c0d54a869f38,1
d9149946-fd88-4811-aa7e-7cca6027a606,2
d94a5550-9f24-4cc2-9df3-aa08b9cead36,0
d9574026-5534-4a51-afe9-bb96e2fd24a1,2
d96a6c6e-7001-4cb8-9249-e9e53d51529a,0
d9746ba2-4d96-4bcf-a378-0a5cbe19e5f3,2
d99ab023-49cc-4163-b080-94f7c6f8b567,2
d9bb1b9e-4efb-4e84-bdd1-908907b4c799,2
d9ff0e95-c277-4444-8b4f-46f0bff358b6,2
da1dbd37-0025-41d0-b684-f607041ea006,0
da405ec7-76cb-484c-b0e1-cb4ba0d25ccb,1
da76ce50-c2b2-4fdd-8f75-c2ff6c3765d9,1
dab088ff-46b8-4f39-8546-ef1ce33cc3d4,2
daea2b6f-de38-47e7-8456-37f31c51169f,1
dafa13e2-cc12-4197-8221-3f9d75c5f7a3,0
db36137c-06fa-47fb-ac77-c497696a3063,1
db43c696-2feb-4dfd-b1a7-1587121b4a24,2
db4484a5-82c6-41cd-aa02-92c72d082ed2,1
db51e743-87b3-420d-8cdf-04804cf585f4,1
db5457b3-d738-4c45-891f-b8bd011dd74a,1
db84bc7c-f437-40e4-a2f1-644a50707d2c,1
db88dff1-67d7-4ffc-8fe5-daf27eb1aa47,1
dbc9892c-eb25-41d1-a0f0-f6e73df33856,2
dbe82efe-b695-4536-bbba-09d34bed2b7a,1
dbf4da45-f12c-4731-9f5b-a05fe9ddd2d7,1
dc0359e5-258e-42b4-9c09-4a2f06c3be3f,2
dc22916e-c145-46f4-9b61-3a43d9e2a85c,1
dc2532ef-aa05-48a2-8c9e-659bda8e95ac,2
dc3096d3-96a3-47ed-b606-a4ff527b4583,1
dc5b5331-4ad8-4dd0-9bd9-45b972fd67dd,1
dc5bdfe0-f346-4f7b-ba2a-567758bcc186,2
dc7071d5-d760-4f7e-b3d8-9232b8432cf5,1
dc9b7d63-168f-4625-bbff-4e0516084189,0
dc9fe652-2759-4949-911e-d2c60c7fe469,0
dd0ab2b1-1a34-4068-ba1d-9b0a4227c8a8,0
dd7c3f7f-8505-4cc4-8144-5c38adebc754,1
dda54d4d-8033-4c4a-83f3-4a6ca8824b75,1
ddc2bebb-aec8-4a8e-b039-a701dcb9385e,0
ddcd2978-e9fa-4356-bb2a-10ccf18a35de,2
ddd1751c-b6cd-4959-ae86-e05a1e445f33,2
ddd601e3-e959-409f-b0a7-503bf1079b15,2
de17165b-2c3d-4030-abca-f73aaf4bf40d,0
de55bc38-403a-492b-ac47-f85f0e4fd5e2,1
de89ea23-6a1e-4869-87ec-65e62ac6175e,1
df2536e8-ceec-4657-835d-419756541c2b,2
df2fc9f6-0a30-4195-9219-5be336b963b2,1
df3a85ef-ec6b-44a9-aeb6-1735d6b3c7e9,0
df84f897-cf4e-41b6-8bb3-b588fb6c1dbe,0
df9742f6-d6aa-4313-a729-3d0eba5f0956,2
df990988-5e55-49c8-a12e-26a03bc7de44,1
dfbe2b0b-37f9-4fe9-a506-98c669e4fc57,2
dfc0ed22-959d-422b-8974-88506b766dff,1
dfe22c4d-a7ce-4b2d-b23a-ea364d575a20,1
e02665c9-5045-42ce-bdd1-827b743fb124,1
e071602d-d4a9-419b-90a6-3cea31949d07,2
e07f1bb2-4a1d-42e1-9745-0318d194595b,2
e0859a4b-ec57-46a6-a833-885a4ad21919,1
e0a34d6c-3a67-4640-bc50-92d2ffea4469,1
e0b45d58-5503-4412-9511-8a18dfb1b32d,1
e11857f1-1ddc-4ef7-b18d-c41b8610859a,1
e1a65ea7-2da1-4a58-ba35-c82d376ff93c,2
e1b2a833-f64a-43a4-8adf-23a0a47d221e,1
e1d8e20a-72f9-4484-bad4-ae58865facf5,1
e1eb9828-8c84-4dbe-86f0-d758fb4d68f5,1
e2080f38-092b-46dc-8f8a-8efd06b8282c,1
e231c60a-889d-4e08-bfba-90f29f0caa20,2
e23dcbc0-0fb0-40f0-a084-98eb7729f0b9,1
e2456b93-a512-4899-916a-530918fd035b,1
e26f3c20-2972-4854-9728-b4e8df5c4be4,1
e273a6b2-da94-42b2-ab2f-4c6006d139b7,0
e2773b0a-df6e-46cc-bae7-325f8d9afdfe,2
e2d25bf5-cbd1-4582-a23c-7ba5749ec252,1
e2f75241-353c-49c2-8b48-5cd83eb38f9d,1
e32af309-cd8d-44cb-b02f-264ed796b871,1
e32c8260-83b3-4e63-93a2-86bac1757cb7,0
e333cd8a-38d0-4d31-a518-36c6370e26c4,0
e34359fc-bacf-41e4-b80e-57225a112016,0
e37a54cc-5c80-48bc-9f44-87cae3530dd9,0
e39fec4f-7927-417e-83ff-2682165a3631,2
e3a7191a-f2a3-499b-893b-d8b46379dfc4,2
e3a856a8-cb23-4150-aaea-3e8a19358c11,1
e3bb9068-b414-4492-b99e-0dc535fc094d,1
e3be17ff-8cd0-4fdc-a8bc-45681bd60729,0
e3d3db93-9d28-4129-b120-e86c1dc6bdbb,2
e4093196-c822-4e29-8483-dcafd4086ea6,1
e41c23b5-a03f-4826-85fd-1e0484737119,1
e4665f27-b803-4f5c-89c6-3d8599943266,2
e4766b52-67b3-4392-8036-971ac4b4af1e,1
e49f01f1-983d-4b76-bd50-9dcc8404c212,0
e4acc6f5-60d2-432c-b6e0-779183a38200,0
e4cbfe2b-10c0-4a93-8c1b-7d848f69c3b7,0
e4dd3224-799c-4b13-b663-c24a80ae2a36,2
e4ddfbfe-6146-465b-8d55-0d2c925a8598,0
e50464b6-00a1-46ed-806b-1d1c2804e461,1
e5236524-f9b7-4093-aa57-e9d1785658d0,1
e538e261-21b8-4a6e-8552-4ab69b740564,0
e540912a-dc26-4ede-a35c-f9ece720f2a2,2
e56939d2-1827-442f-a920-dcf38e77ace6,2
e56df896-6d2c-4cd4-bc9c-f8eae646e5d1,1
e5734d66-d45b-4194-9e40-57b64e3a02d8,1
e589ecb9-484e-419d-9ff7-bf3ab668e9f8,2
e5b40264-1792-48cc-9fb0-888518b12894,2
e5d76bc4-3b71-4cfa-b136-52615052652b,1
e611bd82-a6cd-4ebd-8220-a2ee92c477a0,0
e6232555-dd5b-4427-a421-021251d32262,1
e6236876-50c9-455a-bd60-95db636f041b,1
e635998e-d890-441c-a5d6-d8cde5185cc3,1
e662f780-2ada-4249-8058-60e4dca97c4c,1
e682af54-754c-4e14-8e0e-71564964d589,1
e695c2fb-04eb-4a32-abb6-e400281fc865,1
e6c8e5b4-a287-4869-ae71-33e4be3fd742,0
e6c90051-5505-4c6d-9d7f-1472032ec56c,1
e6e99175-849f-4161-83e0-f733a862ceba,2
e6f07acc-264a-4f5d-9cc9-6a0574d04018,2
e6fb1652-01de-4b9c-b7d3-2ff13e4835c1,1
e738cf82-1006-4df0-95a0-569f536b7107,0
e751c0f5-168a-4fbe-8d3e-ea08aa33ef73,2
e7703a73-768d-4368-9315-b26f69f7386e,2
e79a2e5f-409c-4e07-b133-41de431afb0d,0
e7ecaae9-a504-4625-b3ec-d34ca1c81439,2
e80fede8-03f3-4d95-9186-8bd0b0a0f9c1,2
e82b2af8-0857-460b-af49-7c4a632dfd58,0
e8883107-13e6-4f9e-a40f-5ac8280aee26,1
e8972ee1-4394-4055-871e-6779be871a9f,1
e8b21c4d-837c-454c-ae6b-65737f6eab50,1
e8b74b8f-6f30-4369-b2e5-4dd0f2faf624,2
e8cd6ab9-5801-4771-b55f-4f930a29505e,1
e8eb37d7-8c32-49cf-bf0c-ca356bb33bc6,0
e8f64141-54a7-4b84-85f2-935413e1a991,1
e906b9d1-a799-4a8f-b802-8529347b820d,2
e90a9720-6c82-4252-a216-9c1cc4956264,0
e92f514d-3d46-4eb3-b336-0cc8264101cf,0
e95ef213-9a30-4422-aa88-7544e0af9bfb,1
e9ae310a-9929-47c1-a81d-65aaa7e41f4a,1
e9c0bd6d-d0db-4165-8ddd-bbeca724e4e6,0
e9cb53af-02a5-47a3-8030-23c02fc30abe,0
ea0c8b9e-392d-452e-acd3-c8bb9b35933d,1
ea41f6a6-1e57-40e2-8dfb-3354b295e391,2
ea877eeb-a57e-452e-9d49-affba4b60f5a,2
eac266ea-2727-4a12-a324-a7a177d5d86f,2
eacfbdd9-841f-460b-aae3-555df8c166e9,0
eb03417c-8633-4a99-8064-dd76a8c7d1ab,0
eb616cc1-3112-4591-a25f-e4229f4b53b0,0
eb8f0764-5f0c-45e6-a80d-a21e48c7bc74,1
ebaaa398-6cd4-48e6-9044-a4e3f6a3a84d,0
ebbe32c4-6790-4c59-8ce4-501d96799262,2
ebc4a689-1496-4bc6-8de3-f03acd6badd4,0
ebdce749-a990-4537-8a50-45a8c8ec748b,0
ebf73930-bf7f-440c-bef2-6ddd65efe32c,0
ec35e554-5438-4173-b7a5-bea730e9722a,1
ec947300-e8ee-4eb2-8e13-b9d26c5a778a,1
ecb1d74b-57a4-4e21-8410-862f9e09833b,1
ecbc47fa-a79c-469e-90b7-b799ce4f129a,0
ecc307b4-6c7e-4ec5-8601-5e592e8eb6c6,0
ed12a5d7-6e18-4f7d-83b9-feee2113697e,1
ed29604e-5020-400d-83fa-8ab4448d5965,0
ed40a9e2-e918-4d39-9db6-10ddf9aa8fe8,1
ed673370-f0f7-4415-9ce2-983abac551cd,1
ed90a37f-876c-4864-8e0e-6ae6814f1504,0
ed9da212-b7ed-428b-a0c6-4afe38e903ab,1
eda87214-cb42-438c-928c-7234289e8d24,1
edbcf00a-4c59-450f-9197-48a39cecd278,2
edd1c644-403d-4c8e-b986-1dc4f15b1f62,2
ede63d4c-886b-4571-9cca-677a66e9f51e,2
ee06c200-c06e-4e0f-8754-f2528dc87ac2,1
ee1ff3e7-120c-4d41-8bf7-5cc9270ae7d5,2
ee37698b-aa4f-445c-aa74-933af76aac2d,2
ee590238-c142-4778-b729-a21c2df85769,2
ee669983-22a2-468b-a120-e54a4bf02401,2
eec60712-c9e7-4e20-bcd7-818fe57b67f9,2
eee093a9-491d-4794-9661-41155ce811fa,0
eef39d32-1689-4971-9862-844c34f66944,1
eeffc321-2d03-4a67-bf5f-967e17a0dbb5,2
ef064fc3-4910-4a28-9e07-e1de72e41fbf,1
ef1f4842-9e95-4abb-bff4-96d7a3d807e4,0
ef1f5b1b-650e-42ab-ae68-dcc68ec83254,0
ef467612-8127-485c-a11f-aa30dbdfacc4,1
ef67a8a8-289e-4945-b18c-b2fe1c9b9e93,0
ef8583d7-416c-4ab7-9595-e4b027bf8314,0
ef931735-5f44-483b-99e9-3989f5f51b0b,2
efa300f0-c4b6-4bc2-bbf8-21bbf42311c1,2
efaadff1-3a91-4a45-aad8-ac063f93eac8,0
efb1d046-d15d-435f-a2ee-2fd243ad2ed3,1
efbf3a2c-a4bf-4be8-95f1-5576fcdd158f,0
efc41a27-a7ac-4041-9a0c-2fe74e99a422,2
f00f94df-69a8-4213-a6fb-15059c74852f,1
f0207150-8400-4726-98ec-6aea5ec9eed5,1
f02e7c62-763d-4e5e-8c5b-8bb7f1da83ee,2
f0596040-cdd6-49ed-8021-075d3cd2db89,2
f062abcc-2c07-4e0e-aa30-1f2ece9784a0,2
f097bcae-e93d-433a-87ed-235b1ac5223f,2
f0ce1f92-bd00-4902-a3c0-62cf63ebb760,0
f116d8a0-5135-4ac1-956b-1dd6bb8a4f26,0
f12e0fce-7e60-4af8-8972-9f331ac743a4,1
f13d593d-0f95-47d4-96ec-63c57affefe7,1
f14c1f6c-9fda-4122-b224-16ad7067eb0e,0
f1597648-4396-462c-b065-b244cd3c6fc1,1
f17d91bb-d8b7-41a9-a9c0-047cd2f056b0,1
f1c5cd4b-eb70-4446-81d6-da79d25da922,2
f1d2f8c2-72bd-4793-bb79-160ff4c4a9a1,1
f1d9f4f3-5166-40b9-b17f-6c8d159e310d,2
f1f5260c-de95-45cf-aa0b-d558a69acb2b,2
f23e9091-4f34-4754-8f07-b9939de51a41,0
f249d992-4d67-43c6-848b-bd868309e680,2
f25ff6cb-43cc-4531-b912-ab27ce892dc6,0
f2821762-53a2-4902-9204-7e494864f375,2
f28ff062-251a-4133-ad10-516b648afab2,1
f2e56ad7-149c-457e-99bb-265e7ec116c4,0
f30375b8-5bb5-48e0-a50d-590d6e3009b3,1
f31db753-f0d7-4910-b413-165d3391c787,0
f38f3cf3-0ba5-4f01-b167-5c47e13c9dc2,2
f39e1204-2da3-4f57-9f09-4ed5fbf1eaee,1
f3a7e68f-3c05-4bce-9007-142def03d224,0
f3b627ef-122b-4ec5-8ad1-9df54b5d4046,2
f3dd55aa-e7cf-4ae6-9ea0-bcc56aa39b04,1
f3df9ac9-230a-4007-8d5b-a3b3059a9a38,1
f40b7947-a918-472c-a622-fdd843358462,1
f4307ea3-e5b7-4c50-ba72-991774cf5207,0
f4432530-93d3-44e5-a599-9be5f4299d26,2
f44383c6-1958-437e-99ad-546359c4877f,1
f45a2eff-5e15-4449-b8ee-4ed181b94079,2
f46d2435-3fed-403f-bb3a-bb151da3e6f0,1
f504a52a-8604-4610-af1a-c7195bdb682b,1
f52c476c-cb35-4ec0-ae10-fde50c42e360,0
f52e1829-825e-448c-ba5e-68dd4555a1d2,2
f52ed671-fdc0-44a1-bf29-61b2b4a72c09,0
f5424104-6011-4d88-ab40-df7de9bc5461,1
f54b0afa-a0c5-45f2-835a-3f1ba48ba16d,0
f54cec06-ea74-4407-952f-99e6b0eb8d6f,1
f55b4b5e-26fa-444b-870e-5f5435a4069d,0
f58c91e0-7d08-4c28-87d8-248f8e0a105d,1
f591af86-a953-4d0f-b406-7e8b9c3e74cc,1
f59f33fb-f1ce-42be-8566-2b2d3f94ce51,2
f5bd9187-b401-451a-91fe-823464a694a9,2
f5bf358d-dd49-460a-8f3c-23b7e9dfa60d,0
f5d55efb-81d6-4ee5-8c08-d2324b4a9f3d,1
f5fa6199-916d-4089-b57f-4a3dd0f50fb9,1
f608d4e5-1363-47dd-b5be-56828384343b,2
f60a061a-1c3c-4c50-80ca-7a01f8cbe6e6,1
f62a202d-5d47-435b-84b5-d285ab928716,1
f64933cf-a150-414f-946b-0b2ee037ad76,1
f650a6f5-8857-4b6a-a860-33e76bfe0276,0
f66e5e2c-e713-4940-b3e7-c6ba211bde45,0
f67bf6d5-006d-4aa6-b252-1c587a95aaa5,0
f68e03c8-3006-4c5f-b18c-48f18716a2c1,2
f6b0ebfc-a600-447c-9e2a-00dddab40cb9,1
f6c25fe0-f469-4795-8d82-20b8344069f6,1
f6c31dc0-d7b3-4474-9df7-cf1cf6933226,2
f6de2f35-5eb0-4a26-bd08-7f9dea128dda,1
f71754be-76bc-454e-af82-847f31f88e18,1
f739b1f5-7887-4ff1-ada0-0342d5331aa4,1
f753ec1d-7c18-445a-b23c-7ca5850f8c3b,2
f76528be-e479-4925-bb07-c892dd4d4722,1
f777e080-a770-4f30-9b31-b4519b43bb56,0
f77d97e8-851f-4024-8b57-dd0e9926a5f9,1
f79b60d6-6440-49f2-8024-c59bafb5f93e,1
f7c513ba-bf5c-4a34-a015-56d2c1923801,2
f7c8333f-fb51-49c9-8f89-5b43e9ace4be,1
f7de3fa1-bdf2-473b-a679-2bbd49fdac0c,1
f7fe0292-9646-4e0a-a858-c7e5d94b513d,2
f8032fcf-cee5-4f1c-9902-486b99a258dd,2
f81f74fb-bcb6-41df-bbe2-433a7bf7ecaa,1
f821bc67-d580-49ed-9b78-a0eebb7288d8,0
f8486fa2-d5a2-4328-84e0-e74de00f5447,0
f86ca298-a982-44f8-b9b3-d0385d39bea9,1
f8943294-7651-4b14-8a9c-59bf46b63289,0
f8973925-bcba-4244-9cc2-2d5fd93cd1ea,2
f8e1c957-711b-49f3-a6aa-6398ec5e1c56,1
f8fe3585-0152-4d6f-8a2a-87b3ca9cc41e,2
f90c6f0e-185a-45bf-92c3-15df86fc924f,1
f913cdd0-2652-480d-b331-9104cddc38f4,2
f91948d3-87c2-4c56-bd76-6c79e96d36b1,1
f94e270c-2d53-4b3b-92b6-a2183eb0eb14,0
f95015de-4c39-414e-989b-5d3dde2365b2,1
f955397d-e953-4bab-bbe5-3f338f0235bd,0
f956ba89-fa67-47d8-8c21-d31b14c6248e,0
f9bc4d6a-92db-46f2-b5c7-cb14a9c79764,2
fa595e25-765a-4995-b867-0d00832a5a29,1
faa9c6d5-517d-495d-a38b-f3fe60218318,2
faf47d19-bedb-4bf1-b1f4-ea42a8e10e47,0
fb377d45-c725-40c8-8c6a-645e86c82264,0
fb432d8f-0f76-4b47-af66-5ea31138e618,1
fc3645be-f613-4aa6-9acd-028d583ebe40,1
fc5b0434-7e1c-486a-a048-af6813a76df1,0
fc7fc8c3-d5f6-48b8-b51b-90108844156d,1
fcac7ab4-7727-44a3-a1d9-2ff42bfb6244,1
fcb8ebb4-22c4-439c-b12b-275d1abef724,1
fcca4d6b-8275-4e37-a9f1-5c96b4876f32,0
fd078d0a-7270-4702-8a43-4a6f42e6a5d7,2
fd115e80-2b99-4eae-9b96-aa75575cf704,2
fd423352-d28a-4d98-a67e-7b17c86ae675,2
fd59ff86-2efa-4f04-b631-d7018b1dc9ad,1
fd5aee2b-49cb-4043-a6a6-43e959396fdb,2
fd7b2873-f015-4dca-9922-613ffd908a2a,2
fd7e1fb5-bd1b-43bb-a246-59604edb151e,1
fda542ae-e450-4d4f-9511-655e5ee6a165,1
fdcac787-e1a7-4108-bd7e-b4021394da4b,1
fdd5714a-32b2-4edf-8cd2-aa74dfba409b,0
fdddabdb-ecf1-4a06-bf04-4275a365fa5b,1
fde5dca5-5e6f-4636-99f4-34c86588ae70,2
fdf27d81-dc5e-4a0d-9b67-861325a42b35,1
fe0522df-180a-440b-a56c-827a1cc122b1,0
fe05cf27-f862-493c-be08-e6de9a5ac90a,0
fe0bed13-ebeb-4a07-a7a1-d9ee46f8c56d,1
fe3e39b3-f787-4226-bdde-46b2af4e978d,1
fe6fc740-a20a-4993-bffa-7cc8c04e889f,2
fec4b139-8800-43eb-b62f-387431fc63af,1
ff03bb5f-b433-40d1-8246-9b698dc0f27b,2
ff0a93d9-4597-4d0e-be9a-24306148c349,1
ff708e01-0459-47a1-9f63-43e27c5cda5d,1
ffa3393d-5ec3-4b14-ab98-ceaf77c599f6,0
ffcb35a6-bd5c-4ddb-8cd5-99cd13739fb2,2
fffa6970-d2e2-4a3e-a0a8-5204383902cb,1
